Time_Period,age,Sexe,Employed_Total,Unemployed_Total,Population_Active,Taux_Chomage (%)
2019,25-39,F,51597.32,3745.81,55343.13,6.77
2017,15-24,F,25919.5,1367.26,27286.76,5.01
2020,40-54,F,25425.21,2298.7,27723.92,8.29
2022,15-24,F,23855.35,1704.69,25560.04,6.67
2021,15-24,F,16179.26,828.87,17008.13,4.87
2019,40-54,F,40525.28,3804.61,44329.88,8.58
2022,40-54,F,72409.48,3517.61,75927.08,4.63
2020,25-39,F,93805.81,5404.66,99210.47,5.45
2021,25-39,M,42767.52,1407.2,44174.72,3.19
2019,40-54,F,36236.52,1533.96,37770.48,4.06
2020,40-54,M,75485.11,3431.5,78916.61,4.35
2022,25-39,M,73397.51,2849.25,76246.77,3.74
2018,40-54,M,62798.05,3093.42,65891.47,4.69
2020,25-39,M,64981.99,3419.25,68401.24,5.0
2022,25-39,M,88623.44,4872.67,93496.11,5.21
2019,15-24,F,30483.59,4264.77,34748.36,12.27
2022,25-39,F,59563.93,2589.92,62153.85,4.17
2021,40-54,F,42545.93,1396.07,43941.99,3.18
2020,25-39,M,95252.57,7271.12,102523.7,7.09
2021,40-54,M,69203.88,1806.84,71010.72,2.54
2022,40-54,M,68458.89,4994.52,73453.41,6.8
2020,15-24,F,21320.8,1591.01,22911.8,6.94
2018,15-24,M,33357.14,1919.09,35276.23,5.44
2017,40-54,F,27765.02,2614.58,30379.61,8.61
2021,15-24,F,33378.06,4945.63,38323.69,12.9
2017,40-54,F,29829.11,1608.19,31437.31,5.12
2022,40-54,M,35968.51,1088.35,37056.86,2.94
2017,40-54,F,71944.63,3414.03,75358.66,4.53
2020,25-39,F,55547.59,1035.14,56582.72,1.83
2021,25-39,F,76383.41,3095.11,79478.52,3.89
2019,40-54,F,73336.02,4606.61,77942.63,5.91
2021,25-39,M,83982.76,7966.22,91948.98,8.66
2018,15-24,F,11852.87,517.76,12370.63,4.19
2021,15-24,F,22210.57,2168.57,24379.15,8.9
2017,25-39,M,77171.35,2225.56,79396.91,2.8
2020,40-54,F,78038.91,5489.24,83528.15,6.57
2021,25-39,F,71547.51,5018.46,76565.98,6.55
2017,15-24,F,24770.19,3033.23,27803.42,10.91
2019,25-39,M,33088.68,1402.61,34491.29,4.07
2019,25-39,M,31664.47,2593.59,34258.06,7.57
2019,15-24,M,28700.35,3103.44,31803.78,9.76
2020,25-39,M,78510.46,5746.06,84256.52,6.82
2020,15-24,M,28970.84,1899.31,30870.15,6.15
2020,15-24,M,14298.72,514.01,14812.73,3.47
2017,15-24,F,18146.16,576.22,18722.38,3.08
2017,15-24,F,29868.96,2806.63,32675.59,8.59
2017,15-24,M,22957.31,921.02,23878.33,3.86
2017,40-54,M,20069.49,1417.94,21487.42,6.6
2017,15-24,M,17962.63,1896.81,19859.44,9.55
2018,15-24,F,22542.65,2547.66,25090.31,10.15
2021,15-24,M,29309.96,3110.38,32420.34,9.59
2017,25-39,F,95382.66,5303.11,100685.77,5.27
2017,40-54,F,52375.53,1495.58,53871.1,2.78
2022,15-24,F,32795.8,2353.59,35149.39,6.7
2022,15-24,F,16071.53,1113.19,17184.72,6.48
2020,25-39,F,87987.34,5477.08,93464.42,5.86
2019,25-39,F,87160.64,8707.73,95868.37,9.08
2022,15-24,F,33037.58,698.1,33735.68,2.07
2021,25-39,F,43545.74,3751.56,47297.3,7.93
2021,25-39,F,32600.52,2932.5,35533.02,8.25
2020,25-39,M,52181.44,4745.2,56926.65,8.34
2020,40-54,F,58099.12,5659.73,63758.86,8.88
2017,40-54,M,41769.48,3968.19,45737.67,8.68
2019,25-39,M,37430.2,2415.07,39845.27,6.06
2020,15-24,F,13504.39,1039.27,14543.66,7.15
2021,25-39,M,86100.26,4338.41,90438.68,4.8
2017,25-39,F,79065.92,7210.23,86276.15,8.36
2018,15-24,M,25828.64,775.67,26604.31,2.92
2018,40-54,M,34925.27,2002.71,36927.98,5.42
2021,15-24,F,22048.89,600.0,22648.9,2.65
2018,40-54,F,30116.15,1746.23,31862.38,5.48
2020,15-24,F,20932.8,704.86,21637.67,3.26
2022,15-24,F,20735.07,856.66,21591.73,3.97
2019,15-24,M,16483.41,2336.58,18819.99,12.42
2018,25-39,M,84771.35,1169.23,85940.58,1.36
2017,40-54,F,29261.53,2024.42,31285.96,6.47
2017,25-39,M,48142.82,1383.42,49526.24,2.79
2022,25-39,M,89280.5,5215.49,94495.99,5.52
2022,15-24,M,23378.95,2376.59,25755.55,9.23
2020,25-39,M,90095.66,5228.37,95324.03,5.48
2019,15-24,F,13017.77,782.92,13800.69,5.67
2022,25-39,M,89838.24,5515.79,95354.03,5.78
2022,15-24,M,11330.49,1286.29,12616.78,10.2
2022,25-39,F,89889.63,5576.97,95466.6,5.84
2021,40-54,M,67588.33,3710.61,71298.94,5.2
2018,15-24,F,33462.1,3851.03,37313.13,10.32
2021,15-24,M,11765.75,630.68,12396.43,5.09
2021,15-24,M,17607.31,1262.32,18869.62,6.69
2022,15-24,M,25810.44,2418.09,28228.54,8.57
2022,40-54,F,61766.44,3643.15,65409.59,5.57
2021,25-39,F,50985.72,4571.91,55557.63,8.23
2022,15-24,M,29954.21,4461.94,34416.15,12.96
2021,15-24,F,17936.97,1866.75,19803.72,9.43
2021,40-54,F,63613.72,5312.03,68925.75,7.71
2022,40-54,M,35307.78,3107.89,38415.66,8.09
2019,25-39,F,48372.15,3714.69,52086.84,7.13
2022,15-24,F,32357.44,3227.67,35585.11,9.07
2019,25-39,M,63719.25,1707.73,65426.98,2.61
2020,25-39,F,47752.58,4054.71,51807.29,7.83
2018,40-54,F,35508.12,1353.63,36861.75,3.67
2021,25-39,M,41242.28,1295.69,42537.97,3.05
2022,40-54,M,61941.17,4279.45,66220.62,6.46
2021,15-24,F,10357.52,777.86,11135.38,6.99
2018,40-54,F,21324.47,1177.54,22502.01,5.23
2017,40-54,F,26931.22,1132.66,28063.87,4.04
2018,25-39,F,58005.14,5379.43,63384.57,8.49
2020,15-24,F,10153.97,1239.91,11393.88,10.88
2019,25-39,F,31990.91,1499.0,33489.92,4.48
2020,40-54,M,32983.64,1825.83,34809.46,5.25
2018,15-24,F,37462.82,3131.5,40594.33,7.71
2017,40-54,M,71716.19,1904.76,73620.95,2.59
2018,25-39,F,93693.97,3846.82,97540.79,3.94
2017,15-24,F,21860.54,810.57,22671.11,3.58
2020,40-54,M,22618.58,2033.4,24651.99,8.25
2020,25-39,M,99563.21,3199.12,102762.33,3.11
2021,15-24,M,20476.7,1662.75,22139.45,7.51
2017,40-54,F,21662.86,1768.41,23431.27,7.55
2019,25-39,F,72706.03,3743.65,76449.68,4.9
2017,25-39,M,39796.53,3183.62,42980.14,7.41
2020,40-54,M,36549.34,2525.74,39075.08,6.46
2021,40-54,F,22898.31,1333.17,24231.48,5.5
2019,25-39,F,48658.13,4301.43,52959.56,8.12
2022,15-24,M,37180.96,2280.3,39461.26,5.78
2022,25-39,M,34447.72,2809.16,37256.88,7.54
2019,40-54,M,49926.51,4496.78,54423.3,8.26
2017,25-39,F,31666.73,1248.8,32915.53,3.79
2019,40-54,M,22815.29,1865.08,24680.38,7.56
2020,25-39,M,62005.25,5496.85,67502.09,8.14
2019,25-39,M,60344.2,1079.57,61423.77,1.76
2022,25-39,M,51117.96,4565.83,55683.8,8.2
2020,15-24,M,13372.45,516.25,13888.7,3.72
2019,15-24,F,18467.78,1225.03,19692.81,6.22
2022,40-54,M,62370.26,1893.05,64263.32,2.95
2022,40-54,F,59715.52,4004.36,63719.88,6.28
2018,40-54,F,66510.48,2468.08,68978.56,3.58
2022,15-24,F,17523.26,1639.05,19162.31,8.55
2020,25-39,M,64299.3,5962.92,70262.22,8.49
2021,40-54,M,54714.7,2818.53,57533.23,4.9
2019,25-39,F,52283.89,4966.82,57250.71,8.68
2022,15-24,M,34656.95,4925.71,39582.66,12.44
2022,40-54,M,57368.01,1809.91,59177.91,3.06
2022,40-54,M,45665.36,1718.21,47383.57,3.63
2017,40-54,M,24360.53,1530.25,25890.78,5.91
2017,15-24,M,34197.07,2619.49,36816.56,7.11
2021,40-54,F,51571.78,3796.2,55367.98,6.86
2018,40-54,F,22350.7,1565.1,23915.8,6.54
2019,40-54,F,71309.35,5800.49,77109.84,7.52
2021,15-24,F,27872.99,2684.57,30557.56,8.79
2021,15-24,F,31870.4,4288.85,36159.25,11.86
2017,25-39,M,46007.62,3541.76,49549.37,7.15
2020,15-24,M,34317.23,502.01,34819.23,1.44
2020,15-24,F,18734.57,2338.66,21073.23,11.1
2021,40-54,F,49497.93,1766.07,51264.0,3.45
2018,25-39,M,51705.44,5020.17,56725.6,8.85
2022,15-24,M,20935.52,1953.38,22888.9,8.53
2017,40-54,M,24884.76,1557.08,26441.84,5.89
2018,25-39,F,85323.49,3066.08,88389.57,3.47
2020,15-24,F,27579.93,2968.87,30548.8,9.72
2021,15-24,F,30986.47,2164.68,33151.15,6.53
2018,40-54,F,64138.44,3172.04,67310.49,4.71
2017,15-24,M,16605.3,1085.7,17690.99,6.14
2017,25-39,F,80234.61,1267.72,81502.32,1.56
2017,15-24,M,29103.27,1603.0,30706.27,5.22
2020,15-24,F,33470.13,1638.42,35108.55,4.67
2021,25-39,F,55396.33,3352.02,58748.35,5.71
2021,25-39,F,93726.54,6074.12,99800.66,6.09
2018,15-24,M,34296.13,4037.28,38333.41,10.53
2017,40-54,M,47465.48,1612.61,49078.08,3.29
2017,15-24,M,12883.28,1169.07,14052.35,8.32
2020,15-24,F,17808.4,2668.5,20476.89,13.03
2022,40-54,F,41595.81,1707.28,43303.09,3.94
2017,15-24,M,29243.2,3649.76,32892.96,11.1
2018,15-24,F,20951.26,1683.05,22634.31,7.44
2022,15-24,F,33923.96,974.52,34898.48,2.79
2021,15-24,F,26386.87,3379.31,29766.17,11.35
2018,40-54,M,36656.77,2191.11,38847.88,5.64
2018,15-24,F,34313.83,2289.72,36603.55,6.26
2017,25-39,M,46730.71,3226.36,49957.06,6.46
2022,15-24,M,20010.7,646.99,20657.69,3.13
2017,25-39,F,61835.79,4045.76,65881.55,6.14
2018,40-54,F,49507.61,2414.92,51922.53,4.65
2022,15-24,F,15807.02,648.4,16455.42,3.94
2018,40-54,F,50653.33,4276.17,54929.5,7.78
2020,25-39,M,82643.7,5571.49,88215.19,6.32
2020,25-39,F,40740.19,2452.28,43192.47,5.68
2019,15-24,F,37133.32,664.03,37797.35,1.76
2017,15-24,M,12798.67,1900.58,14699.26,12.93
2019,40-54,M,25138.5,1478.47,26616.97,5.55
2020,40-54,F,55855.31,1605.84,57461.15,2.79
2021,25-39,M,67341.49,4608.42,71949.9,6.41
2022,15-24,F,22148.45,1655.71,23804.16,6.96
2022,40-54,F,54156.79,1563.29,55720.08,2.81
2018,40-54,M,73945.28,3707.91,77653.19,4.77
2022,25-39,M,66967.95,3294.81,70262.76,4.69
2022,40-54,F,23722.03,1585.29,25307.32,6.26
2022,15-24,M,20333.15,2995.18,23328.33,12.84
2021,40-54,M,55823.19,4519.36,60342.55,7.49
2019,40-54,F,48279.33,1477.43,49756.77,2.97
2022,15-24,M,35228.66,1195.95,36424.6,3.28
2022,15-24,F,31569.16,3433.14,35002.29,9.81
2022,25-39,F,60428.67,5784.54,66213.22,8.74
2020,40-54,M,65179.49,5326.55,70506.03,7.55
2017,25-39,M,97605.66,7626.71,105232.38,7.25
2018,15-24,M,15578.44,1251.49,16829.93,7.44
2017,25-39,F,96541.87,7318.3,103860.17,7.05
2018,40-54,M,25163.83,1687.27,26851.1,6.28
2021,15-24,M,34329.37,3576.79,37906.16,9.44
2019,15-24,M,38501.38,3167.12,41668.49,7.6
2018,40-54,F,48281.04,2758.34,51039.38,5.4
2022,40-54,F,47725.88,1249.98,48975.86,2.55
2017,25-39,F,76346.42,6164.75,82511.17,7.47
2017,15-24,F,14782.09,1123.96,15906.05,7.07
2022,25-39,M,65639.33,1456.54,67095.87,2.17
2022,15-24,F,34895.41,2209.48,37104.89,5.95
2019,25-39,F,75494.4,6495.18,81989.58,7.92
2021,25-39,F,83872.01,5789.46,89661.47,6.46
2017,15-24,M,17829.76,1081.77,18911.53,5.72
2022,25-39,F,53131.29,2461.99,55593.28,4.43
2018,40-54,M,29770.44,1470.24,31240.68,4.71
2021,25-39,M,58352.67,2436.45,60789.11,4.01
2021,40-54,M,21411.92,1441.05,22852.96,6.31
2019,15-24,F,12808.57,1016.22,13824.79,7.35
2019,40-54,M,28919.05,2306.28,31225.33,7.39
2019,15-24,M,28936.06,3529.95,32466.0,10.87
2019,40-54,M,77308.02,7396.17,84704.19,8.73
2018,15-24,M,26904.03,2838.62,29742.64,9.54
2022,40-54,M,69932.62,3523.99,73456.61,4.8
2022,15-24,F,24131.48,1163.36,25294.84,4.6
2019,15-24,F,17713.95,2527.24,20241.19,12.49
2019,40-54,F,29659.98,1863.36,31523.34,5.91
2018,15-24,M,26727.7,1712.32,28440.02,6.02
2019,25-39,M,49335.61,3921.94,53257.55,7.36
2019,25-39,M,99506.85,5787.83,105294.68,5.5
2022,25-39,M,53464.1,4310.2,57774.29,7.46
2022,25-39,M,73945.2,4509.85,78455.05,5.75
2020,25-39,M,84723.6,1794.2,86517.8,2.07
2018,40-54,F,68887.97,5958.91,74846.88,7.96
2022,15-24,F,13016.7,851.48,13868.18,6.14
2022,40-54,F,75200.73,1843.93,77044.66,2.39
2019,25-39,F,93949.58,2882.45,96832.03,2.98
2021,25-39,F,34518.27,1131.52,35649.79,3.17
2017,40-54,M,70591.34,4739.94,75331.28,6.29
2022,15-24,M,33342.03,3291.11,36633.15,8.98
2019,15-24,M,28371.97,3884.07,32256.04,12.04
2018,25-39,F,36573.71,1899.12,38472.83,4.94
2020,40-54,M,28635.4,1025.62,29661.02,3.46
2017,25-39,F,47793.43,1284.06,49077.49,2.62
2018,25-39,M,72404.1,3039.32,75443.42,4.03
2020,40-54,F,29591.56,1929.52,31521.08,6.12
2018,15-24,F,24058.71,1072.74,25131.45,4.27
2021,40-54,M,79449.22,3519.26,82968.48,4.24
2019,40-54,M,30086.32,2006.18,32092.5,6.25
2018,25-39,M,94939.96,3224.35,98164.31,3.28
2022,15-24,F,37159.76,3744.41,40904.16,9.15
2019,40-54,M,53010.35,2189.23,55199.58,3.97
2017,15-24,F,29983.68,1520.97,31504.65,4.83
2019,40-54,M,21001.95,1184.36,22186.31,5.34
2017,40-54,F,29772.31,1351.0,31123.3,4.34
2022,40-54,M,45725.26,2890.62,48615.88,5.95
2017,40-54,M,54424.08,1294.63,55718.72,2.32
2021,15-24,F,25777.42,962.82,26740.24,3.6
2017,40-54,M,73474.67,4400.46,77875.13,5.65
2017,15-24,F,16419.8,627.37,17047.17,3.68
2017,15-24,M,39662.62,988.93,40651.56,2.43
2021,15-24,F,10002.27,967.31,10969.58,8.82
2022,40-54,M,46670.15,4027.95,50698.11,7.94
2018,25-39,M,98584.37,3871.96,102456.33,3.78
2018,15-24,F,36122.11,4352.13,40474.24,10.75
2021,40-54,M,53858.87,3506.7,57365.56,6.11
2022,25-39,F,67695.14,3012.46,70707.59,4.26
2019,15-24,F,13977.63,702.16,14679.79,4.78
2017,15-24,F,19342.68,1263.06,20605.74,6.13
2019,15-24,F,26140.53,3261.91,29402.44,11.09
2018,25-39,F,75234.49,2407.32,77641.81,3.1
2019,15-24,F,10864.64,1258.9,12123.54,10.38
2021,15-24,F,12824.66,752.86,13577.52,5.54
2020,25-39,F,33134.97,3245.03,36380.01,8.92
2019,40-54,F,62526.99,2805.55,65332.53,4.29
2017,40-54,F,43635.93,3256.58,46892.51,6.94
2022,40-54,M,78105.05,7257.43,85362.48,8.5
2018,40-54,M,66373.76,4577.57,70951.33,6.45
2022,25-39,F,79344.17,2091.39,81435.56,2.57
2020,40-54,F,24020.72,2137.86,26158.58,8.17
2019,15-24,M,13026.27,1456.72,14482.99,10.06
2022,25-39,M,55248.85,2249.02,57497.86,3.91
2021,40-54,M,78839.81,6832.84,85672.65,7.98
2019,15-24,M,21979.18,2332.4,24311.58,9.59
2021,25-39,M,51273.17,3774.63,55047.79,6.86
2022,25-39,M,54991.06,4322.97,59314.03,7.29
2022,40-54,M,43445.64,2692.12,46137.76,5.83
2021,15-24,M,25342.6,582.58,25925.18,2.25
2022,15-24,F,22851.51,1023.31,23874.82,4.29
2022,15-24,F,25841.65,1518.85,27360.5,5.55
2017,40-54,M,23646.05,1333.36,24979.41,5.34
2022,25-39,F,90352.0,6708.65,97060.65,6.91
2020,15-24,M,38353.31,3800.34,42153.65,9.02
2018,40-54,F,77354.99,1901.08,79256.07,2.4
2017,25-39,M,35818.95,2726.88,38545.83,7.07
2017,25-39,F,86468.33,1627.49,88095.82,1.85
2022,40-54,F,79742.78,1101.46,80844.25,1.36
2020,15-24,F,26048.02,3499.43,29547.45,11.84
2021,25-39,M,49459.72,3147.13,52606.84,5.98
2022,25-39,M,92192.09,5462.34,97654.43,5.59
2022,15-24,F,21480.73,2489.08,23969.81,10.38
2019,25-39,F,61128.12,2835.18,63963.3,4.43
2021,40-54,M,30156.87,2732.3,32889.17,8.31
2017,25-39,M,56346.86,2933.14,59280.0,4.95
2018,15-24,F,11390.74,1494.25,12884.98,11.6
2019,15-24,M,12950.84,1072.06,14022.9,7.65
2022,15-24,F,18273.61,2327.47,20601.07,11.3
2022,25-39,F,86178.61,4088.59,90267.21,4.53
2018,15-24,F,37723.72,818.66,38542.38,2.12
2020,25-39,M,49537.31,4822.56,54359.87,8.87
2020,25-39,F,83015.3,5601.13,88616.43,6.32
2020,15-24,M,26123.23,2781.46,28904.69,9.62
2020,15-24,F,10093.72,633.13,10726.85,5.9
2022,15-24,M,30366.41,3136.42,33502.83,9.36
2021,25-39,F,89033.66,5016.01,94049.67,5.33
2021,25-39,F,60340.1,2559.65,62899.75,4.07
2018,25-39,F,91915.09,6703.82,98618.91,6.8
2020,25-39,F,94813.01,3903.63,98716.63,3.95
2022,25-39,M,37761.22,1500.09,39261.31,3.82
2017,40-54,F,79805.02,4861.91,84666.93,5.74
2022,15-24,M,25349.26,3506.85,28856.1,12.15
2019,15-24,M,35922.9,3338.39,39261.29,8.5
2018,25-39,M,98902.63,9634.43,108537.05,8.88
2019,40-54,F,70148.24,2291.4,72439.64,3.16
2020,40-54,F,40674.98,2831.55,43506.53,6.51
2020,40-54,F,54485.02,5447.14,59932.16,9.09
2018,25-39,F,49506.98,2354.16,51861.14,4.54
2021,15-24,M,18755.99,1486.24,20242.23,7.34
2018,25-39,M,70173.31,4021.35,74194.66,5.42
2018,15-24,F,26030.91,3419.24,29450.15,11.61
2018,40-54,M,64900.02,2090.37,66990.4,3.12
2022,15-24,M,31836.64,849.33,32685.97,2.6
2017,15-24,M,23239.32,892.17,24131.48,3.7
2022,15-24,M,32051.74,2531.11,34582.85,7.32
2020,40-54,F,34592.77,1942.77,36535.54,5.32
2017,25-39,F,30264.68,1443.96,31708.64,4.55
2021,40-54,F,50422.33,3836.87,54259.19,7.07
2020,25-39,F,32258.87,1841.58,34100.45,5.4
2017,40-54,M,59163.88,1404.36,60568.24,2.32
2018,40-54,M,55508.97,4704.22,60213.19,7.81
2018,15-24,M,12545.01,711.11,13256.12,5.36
2021,40-54,M,55497.72,4964.69,60462.41,8.21
2021,15-24,M,23319.78,1992.24,25312.02,7.87
2020,25-39,M,50487.27,3276.12,53763.39,6.09
2022,40-54,M,46307.89,1765.18,48073.07,3.67
2018,40-54,M,58643.25,2917.19,61560.44,4.74
2017,25-39,F,72112.99,7140.44,79253.44,9.01
2021,15-24,M,36682.02,4859.67,41541.69,11.7
2020,40-54,M,35218.15,2855.76,38073.91,7.5
2018,15-24,M,32822.28,822.4,33644.68,2.44
2017,15-24,M,18452.66,1489.85,19942.51,7.47
2018,15-24,M,20556.01,1071.49,21627.5,4.95
2018,25-39,F,37832.64,1783.58,39616.21,4.5
2021,25-39,F,93917.59,4488.82,98406.41,4.56
2019,40-54,M,78988.76,1722.35,80711.11,2.13
2018,15-24,F,18151.19,2608.57,20759.77,12.57
2018,25-39,F,98550.33,2145.27,100695.6,2.13
2019,25-39,F,59681.14,3313.15,62994.29,5.26
2020,40-54,F,23132.67,1535.51,24668.19,6.22
2019,40-54,F,50078.13,4095.91,54174.04,7.56
2020,25-39,M,76798.68,6381.36,83180.04,7.67
2018,25-39,M,80011.0,6828.59,86839.59,7.86
2019,25-39,F,52986.47,1614.96,54601.43,2.96
2021,40-54,F,59368.73,4735.4,64104.12,7.39
2020,15-24,F,32649.31,3601.05,36250.36,9.93
2022,40-54,F,23930.44,2085.41,26015.85,8.02
2017,40-54,F,74354.69,4780.71,79135.4,6.04
2019,15-24,M,10995.61,1451.68,12447.29,11.66
2020,25-39,M,34381.14,2663.44,37044.58,7.19
2019,25-39,F,49137.59,3475.65,52613.24,6.61
2018,40-54,M,43522.28,3005.74,46528.02,6.46
2017,15-24,M,21454.33,570.37,22024.7,2.59
2020,25-39,F,66077.48,1191.26,67268.74,1.77
2022,25-39,M,56768.31,5283.24,62051.55,8.51
2022,15-24,M,12233.51,939.33,13172.83,7.13
2020,25-39,F,75936.98,5943.55,81880.53,7.26
2021,40-54,M,21359.41,1835.98,23195.38,7.92
2020,25-39,M,64302.39,2666.19,66968.58,3.98
2022,40-54,M,52980.48,5244.67,58225.14,9.01
2019,15-24,F,20613.86,1722.18,22336.04,7.71
2020,25-39,M,92555.97,1931.96,94487.92,2.04
2017,40-54,F,52504.69,2495.7,55000.39,4.54
2020,40-54,M,56993.4,4086.38,61079.78,6.69
2022,40-54,M,56942.57,4050.56,60993.13,6.64
2021,40-54,M,59715.77,4533.5,64249.26,7.06
2017,25-39,M,86835.42,5224.45,92059.87,5.68
2020,25-39,M,49405.96,3073.34,52479.29,5.86
2021,15-24,F,10750.88,677.64,11428.52,5.93
2019,25-39,F,52059.02,1127.2,53186.22,2.12
2022,40-54,F,35983.52,3427.79,39411.31,8.7
2020,15-24,F,22866.97,785.92,23652.9,3.32
2021,40-54,M,57590.15,3830.07,61420.22,6.24
2018,15-24,F,20554.4,1055.51,21609.91,4.88
2018,40-54,M,71507.37,4779.22,76286.59,6.26
2022,15-24,F,14954.91,1459.86,16414.76,8.89
2021,15-24,F,17132.3,2441.22,19573.52,12.47
2017,40-54,F,68027.47,2252.86,70280.33,3.21
2022,15-24,F,33957.1,1451.16,35408.25,4.1
2021,25-39,M,65131.89,6403.54,71535.43,8.95
2020,25-39,M,39193.23,2059.38,41252.61,4.99
2021,25-39,F,54361.47,1980.3,56341.77,3.51
2017,15-24,M,35869.57,4878.86,40748.43,11.97
2021,15-24,M,22894.41,3318.75,26213.16,12.66
2019,40-54,M,35154.22,1546.6,36700.82,4.21
2017,40-54,F,33356.26,1204.3,34560.56,3.48
2019,25-39,F,73761.41,2876.9,76638.31,3.75
2017,15-24,F,21241.42,1459.46,22700.87,6.43
2021,15-24,F,27405.87,3568.99,30974.86,11.52
2017,15-24,M,37415.24,2586.5,40001.74,6.47
2022,15-24,M,13184.37,1800.15,14984.52,12.01
2017,25-39,F,42164.68,2021.0,44185.68,4.57
2022,25-39,M,86502.54,1432.22,87934.76,1.63
2017,25-39,M,35364.37,1179.96,36544.33,3.23
2017,25-39,F,37899.75,3005.15,40904.9,7.35
2017,40-54,M,63493.14,4991.51,68484.65,7.29
2022,15-24,F,38398.1,5108.79,43506.89,11.74
2020,15-24,F,17417.57,753.1,18170.66,4.14
2017,15-24,F,16634.88,1848.78,18483.65,10.0
2017,15-24,F,34273.22,3979.45,38252.67,10.4
2022,40-54,M,66948.54,6361.16,73309.71,8.68
2018,25-39,F,44857.99,2343.68,47201.67,4.97
2018,40-54,F,47450.27,2840.81,50291.09,5.65
2020,15-24,M,12316.22,1022.26,13338.48,7.66
2018,25-39,F,82388.05,5330.38,87718.43,6.08
2021,40-54,M,66724.21,4066.24,70790.46,5.74
2022,25-39,M,58676.74,4379.79,63056.53,6.95
2019,15-24,F,21258.24,2155.81,23414.06,9.21
2022,40-54,M,69965.57,4846.69,74812.26,6.48
2018,40-54,F,37732.03,3240.51,40972.54,7.91
2018,25-39,M,41753.92,1172.55,42926.47,2.73
2021,15-24,M,37130.33,3262.18,40392.51,8.08
2022,25-39,F,31153.28,2087.59,33240.87,6.28
2021,40-54,M,46839.38,1965.03,48804.41,4.03
2020,15-24,M,37255.43,1691.07,38946.5,4.34
2018,40-54,F,59652.99,3951.46,63604.44,6.21
2019,40-54,M,78576.88,2162.24,80739.13,2.68
2021,40-54,M,77738.54,6924.53,84663.06,8.18
2020,15-24,F,35834.29,2721.66,38555.95,7.06
2021,15-24,M,34765.52,4177.55,38943.07,10.73
2022,40-54,F,32639.42,2457.48,35096.9,7.0
2017,25-39,F,75102.9,1121.35,76224.24,1.47
2020,40-54,F,73720.88,1068.66,74789.53,1.43
2019,40-54,F,50142.34,4116.62,54258.96,7.59
2020,40-54,M,63452.22,3840.27,67292.49,5.71
2021,25-39,F,62561.03,4277.18,66838.2,6.4
2021,40-54,F,30626.8,1857.65,32484.45,5.72
2020,40-54,F,28891.9,2759.08,31650.98,8.72
2022,40-54,F,65797.54,5011.69,70809.23,7.08
2019,40-54,M,65968.27,1550.2,67518.47,2.3
2019,25-39,M,57856.83,4255.65,62112.49,6.85
2021,25-39,F,89613.89,4160.6,93774.49,4.44
2022,15-24,M,35268.42,3773.2,39041.62,9.66
2018,40-54,M,25171.3,1913.68,27084.97,7.07
2020,40-54,M,78339.53,5002.31,83341.84,6.0
2019,40-54,F,69281.53,5236.2,74517.73,7.03
2017,40-54,M,33364.35,1936.93,35301.28,5.49
2021,15-24,F,16642.54,1062.79,17705.33,6.0
2017,15-24,M,10867.1,684.48,11551.58,5.93
2018,40-54,M,59147.62,4033.03,63180.65,6.38
2018,25-39,F,59741.83,4185.08,63926.9,6.55
2018,15-24,M,26346.92,3592.68,29939.6,12.0
2019,15-24,F,21859.26,2682.91,24542.18,10.93
2018,25-39,F,78383.39,3586.6,81969.98,4.38
2020,25-39,M,44522.78,1429.47,45952.25,3.11
2018,25-39,F,42418.68,2509.36,44928.04,5.59
2021,25-39,F,60756.94,5976.07,66733.01,8.96
2019,25-39,M,73811.64,2236.74,76048.38,2.94
2017,15-24,F,28741.82,4294.46,33036.28,13.0
2020,40-54,F,31347.54,1684.6,33032.14,5.1
2020,15-24,M,24760.54,3002.29,27762.83,10.81
2018,15-24,F,14114.79,1455.74,15570.54,9.35
2022,40-54,M,50718.5,1541.44,52259.94,2.95
2021,40-54,M,31415.53,1559.65,32975.18,4.73
2018,40-54,F,45851.76,2592.31,48444.07,5.35
2017,15-24,F,12277.81,1459.14,13736.95,10.62
2022,25-39,M,60467.07,5207.54,65674.61,7.93
2017,40-54,F,37650.84,2522.0,40172.84,6.28
2018,15-24,M,15214.4,2116.08,17330.48,12.21
2022,15-24,M,22065.46,2745.76,24811.22,11.07
2020,25-39,M,62201.99,1936.39,64138.38,3.02
2021,15-24,M,38388.7,5531.08,43919.79,12.59
2018,40-54,M,68086.41,6031.15,74117.56,8.14
2020,25-39,F,93271.62,3753.77,97025.39,3.87
2020,40-54,M,70942.23,5332.63,76274.86,6.99
2020,15-24,M,35580.66,5128.78,40709.44,12.6
2020,40-54,M,72458.56,4890.13,77348.69,6.32
2018,15-24,M,12264.06,647.12,12911.19,5.01
2020,15-24,M,35152.5,3107.78,38260.28,8.12
2018,40-54,M,28325.52,2112.76,30438.28,6.94
2021,25-39,M,47164.3,3041.3,50205.6,6.06
2018,15-24,F,38938.44,1200.14,40138.58,2.99
2022,40-54,M,37576.1,1732.48,39308.58,4.41
2018,25-39,F,38256.74,2020.71,40277.45,5.02
2017,15-24,F,20407.59,2986.97,23394.56,12.77
2017,40-54,M,59484.16,1557.71,61041.87,2.55
2019,40-54,F,56056.37,1167.02,57223.39,2.04
2019,25-39,F,69490.51,1515.22,71005.73,2.13
2021,40-54,M,23685.33,1302.2,24987.52,5.21
2020,40-54,M,39577.66,1405.18,40982.84,3.43
2021,15-24,M,17130.27,2388.72,19518.99,12.24
2021,25-39,F,84554.02,5670.32,90224.34,6.28
2018,15-24,M,12435.43,1421.13,13856.55,10.26
2017,15-24,M,18049.56,1234.71,19284.28,6.4
2022,25-39,F,42668.23,1267.37,43935.6,2.88
2019,25-39,M,33425.96,3022.25,36448.21,8.29
2021,40-54,M,63939.63,3473.16,67412.79,5.15
2020,25-39,M,80807.76,4291.95,85099.7,5.04
2021,25-39,F,75584.76,6325.83,81910.59,7.72
2020,25-39,M,74772.83,6859.07,81631.9,8.4
2022,25-39,M,82064.94,3555.4,85620.34,4.15
2020,40-54,M,56608.32,4504.19,61112.51,7.37
2017,15-24,F,22578.73,1104.53,23683.26,4.66
2022,25-39,F,47864.64,2464.44,50329.08,4.9
2018,40-54,F,56720.4,3810.27,60530.67,6.29
2021,40-54,M,73344.44,4694.92,78039.36,6.02
2019,25-39,F,59759.04,2759.05,62518.09,4.41
2022,15-24,F,24772.64,1171.9,25944.54,4.52
2019,25-39,M,61255.38,2251.66,63507.04,3.55
2020,15-24,M,31488.36,1855.15,33343.51,5.56
2018,40-54,F,51279.19,4543.17,55822.35,8.14
2018,15-24,M,25101.75,3692.67,28794.42,12.82
2022,25-39,F,51277.3,3132.78,54410.08,5.76
2022,15-24,M,22039.22,2128.38,24167.61,8.81
2021,40-54,M,28388.32,2013.42,30401.74,6.62
2019,40-54,M,79210.63,7664.14,86874.78,8.82
2020,40-54,F,66393.9,3458.62,69852.52,4.95
2019,40-54,M,57873.69,2663.11,60536.8,4.4
2018,25-39,F,80671.19,6877.88,87549.07,7.86
2020,15-24,M,13334.78,1353.46,14688.24,9.21
2021,40-54,F,72263.68,3198.05,75461.73,4.24
2020,40-54,F,30333.75,1216.34,31550.09,3.86
2019,40-54,M,62733.66,3226.01,65959.66,4.89
2022,25-39,M,51646.33,5144.61,56790.94,9.06
2020,40-54,M,21154.34,1860.3,23014.64,8.08
2019,25-39,F,83642.65,4056.14,87698.79,4.63
2019,15-24,F,38856.55,951.66,39808.2,2.39
2019,40-54,M,29999.83,1988.28,31988.12,6.22
2019,40-54,F,58837.11,4613.3,63450.41,7.27
2020,25-39,M,41661.98,3571.05,45233.04,7.89
2018,25-39,F,81189.46,4474.64,85664.09,5.22
2017,40-54,F,30236.43,1697.94,31934.37,5.32
2020,40-54,F,29499.74,2763.69,32263.43,8.57
2022,25-39,F,91426.85,1043.83,92470.68,1.13
2017,40-54,F,54195.9,4434.66,58630.57,7.56
2019,15-24,F,27163.88,2374.78,29538.66,8.04
2022,25-39,F,86730.54,7727.97,94458.5,8.18
2021,15-24,M,13363.8,1946.71,15310.51,12.71
2017,25-39,M,37459.12,1075.29,38534.41,2.79
2022,15-24,M,24282.57,2984.01,27266.58,10.94
2021,15-24,F,37165.63,1325.89,38491.52,3.44
2018,15-24,M,31472.54,4047.13,35519.66,11.39
2022,15-24,F,14384.06,1794.03,16178.09,11.09
2021,15-24,M,27142.67,3793.68,30936.36,12.26
2019,25-39,M,36556.33,2907.79,39464.13,7.37
2021,40-54,M,20629.06,1229.48,21858.53,5.62
2017,25-39,F,92329.98,3556.78,95886.76,3.71
2018,25-39,F,67962.51,1114.07,69076.58,1.61
2019,40-54,F,68292.67,5118.39,73411.06,6.97
2020,40-54,M,26481.1,1112.32,27593.42,4.03
2018,25-39,M,34981.24,2744.69,37725.94,7.28
2018,25-39,M,70695.99,3188.61,73884.6,4.32
2017,40-54,M,23743.06,1928.44,25671.49,7.51
2022,40-54,F,47272.5,3319.72,50592.22,6.56
2018,25-39,M,36896.35,1453.75,38350.1,3.79
2018,40-54,F,59094.78,5288.99,64383.77,8.21
2020,40-54,M,53645.1,3709.98,57355.08,6.47
2021,15-24,M,33646.55,2997.24,36643.79,8.18
2020,15-24,M,14988.35,1282.95,16271.3,7.88
2017,15-24,F,12564.07,1286.69,13850.76,9.29
2019,15-24,M,36236.15,4328.69,40564.84,10.67
2019,15-24,F,39062.67,3560.1,42622.77,8.35
2020,40-54,M,62406.9,5908.18,68315.08,8.65
2019,40-54,M,59674.68,3582.62,63257.3,5.66
2021,25-39,F,60694.87,3395.42,64090.3,5.3
2020,40-54,M,33615.2,2573.15,36188.35,7.11
2017,40-54,F,56407.45,1160.57,57568.02,2.02
2021,15-24,M,20612.28,2748.87,23361.14,11.77
2018,25-39,M,75485.11,2832.51,78317.61,3.62
2018,40-54,M,30973.99,2252.61,33226.6,6.78
2017,25-39,M,52255.33,4060.66,56315.99,7.21
2020,25-39,F,97939.45,7541.3,105480.75,7.15
2020,40-54,F,77653.57,2395.45,80049.02,2.99
2019,25-39,M,88832.73,8629.95,97462.68,8.85
2019,40-54,F,73067.5,6522.49,79589.99,8.2
2017,25-39,M,92550.45,7156.45,99706.9,7.18
2022,25-39,M,65814.76,3859.4,69674.16,5.54
2020,40-54,F,21547.45,1018.06,22565.51,4.51
2021,25-39,F,89635.38,3365.03,93000.4,3.62
2020,25-39,M,98854.35,2578.31,101432.66,2.54
2018,40-54,M,20662.28,1421.27,22083.55,6.44
2017,15-24,M,21748.1,659.94,22408.04,2.95
2020,25-39,M,74382.61,2831.66,77214.27,3.67
2021,25-39,F,44967.36,3010.73,47978.09,6.28
2018,40-54,F,32972.51,2011.89,34984.4,5.75
2020,25-39,F,38575.44,1094.59,39670.03,2.76
2020,25-39,F,38089.23,2490.2,40579.43,6.14
2017,40-54,F,40999.2,3772.01,44771.21,8.43
2019,40-54,F,54733.45,2446.48,57179.94,4.28
2018,40-54,M,69574.92,6049.2,75624.12,8.0
2020,40-54,M,47667.81,1257.31,48925.12,2.57
2019,40-54,M,22303.65,1556.18,23859.84,6.52
2019,40-54,F,30408.41,2440.01,32848.42,7.43
2018,15-24,M,38904.93,5823.08,44728.01,13.02
2017,15-24,F,20351.59,898.11,21249.7,4.23
2019,40-54,F,31372.48,1638.77,33011.26,4.96
2019,40-54,F,40122.44,3602.71,43725.15,8.24
2020,25-39,F,36180.68,1750.11,37930.79,4.61
2021,25-39,M,67454.99,3895.65,71350.64,5.46
2021,25-39,M,73474.41,5841.6,79316.01,7.36
2022,15-24,M,28673.61,2532.99,31206.6,8.12
2020,25-39,F,40925.83,2069.56,42995.39,4.81
2017,25-39,M,35542.9,1191.57,36734.47,3.24
2019,15-24,F,13872.42,1783.1,15655.52,11.39
2021,40-54,M,33481.95,3051.38,36533.33,8.35
2020,40-54,F,67548.67,6266.0,73814.66,8.49
2019,40-54,M,70480.65,3813.64,74294.29,5.13
2021,25-39,M,48044.27,1479.79,49524.06,2.99
2021,25-39,M,70229.06,1216.04,71445.1,1.7
2017,40-54,M,35492.11,3402.58,38894.69,8.75
2019,40-54,M,61396.17,5060.26,66456.43,7.61
2019,40-54,F,33856.42,2082.53,35938.95,5.79
2018,15-24,F,17317.31,1325.69,18643.0,7.11
2022,25-39,F,71293.79,3733.86,75027.65,4.98
2021,40-54,M,36622.95,1697.62,38320.57,4.43
2022,15-24,M,39059.15,4214.34,43273.49,9.74
2020,40-54,M,52089.4,3630.76,55720.16,6.52
2022,40-54,M,37440.48,2962.26,40402.73,7.33
2020,15-24,M,39616.03,1767.42,41383.45,4.27
2022,25-39,F,67239.0,2914.81,70153.81,4.15
2021,25-39,F,65785.9,4440.24,70226.15,6.32
2017,40-54,M,78591.76,7300.53,85892.29,8.5
2018,25-39,M,67103.01,5760.64,72863.66,7.91
2019,25-39,F,31364.56,2161.24,33525.79,6.45
2017,40-54,M,55152.99,4084.49,59237.48,6.9
2017,25-39,M,69304.75,5641.31,74946.06,7.53
2021,25-39,M,31308.04,1024.32,32332.35,3.17
2017,25-39,M,75920.85,4466.45,80387.3,5.56
2019,40-54,M,22459.24,1979.95,24439.19,8.1
2022,25-39,F,46035.94,2851.27,48887.22,5.83
2020,25-39,M,63129.21,5031.88,68161.08,7.38
2019,25-39,F,35244.57,2667.9,37912.47,7.04
2021,40-54,M,74722.8,3342.81,78065.62,4.28
2017,15-24,M,38466.84,4788.88,43255.72,11.07
2020,15-24,F,30152.76,701.67,30854.44,2.27
2020,15-24,F,31139.42,1397.96,32537.38,4.3
2017,25-39,F,55723.71,3713.71,59437.41,6.25
2022,25-39,F,33533.71,1666.57,35200.29,4.73
2022,25-39,M,53458.12,2570.17,56028.29,4.59
2019,40-54,F,70756.52,6446.89,77203.41,8.35
2022,40-54,M,73768.38,1564.34,75332.72,2.08
2020,25-39,M,96814.32,8613.02,105427.34,8.17
2022,25-39,F,33105.19,2956.24,36061.43,8.2
2019,25-39,M,40741.63,1353.28,42094.91,3.21
2021,15-24,F,18121.53,817.14,18938.67,4.31
2022,40-54,M,43182.31,2774.98,45957.29,6.04
2020,25-39,F,63275.18,4401.15,67676.33,6.5
2017,25-39,F,41136.69,2995.89,44132.59,6.79
2017,25-39,F,97708.04,4303.71,102011.74,4.22
2022,25-39,M,53769.09,3386.34,57155.43,5.92
2017,40-54,F,28928.91,1518.97,30447.88,4.99
2017,40-54,F,53341.31,2889.1,56230.41,5.14
2021,15-24,F,10265.96,1082.79,11348.75,9.54
2019,40-54,M,39747.38,1399.06,41146.43,3.4
2020,40-54,F,47869.6,1967.43,49837.03,3.95
2017,15-24,F,11543.14,882.91,12426.05,7.11
2019,25-39,M,71865.91,5921.12,77787.03,7.61
2020,40-54,F,48007.54,4613.18,52620.72,8.77
2022,25-39,F,41935.27,1363.34,43298.61,3.15
2018,40-54,M,41625.97,1447.78,43073.75,3.36
2020,25-39,M,96186.82,5388.19,101575.02,5.3
2019,40-54,M,66690.26,6275.93,72966.19,8.6
2020,40-54,M,35521.9,1846.0,37367.9,4.94
2019,25-39,F,71093.58,2761.38,73854.96,3.74
2020,40-54,M,30000.55,1762.26,31762.81,5.55
2020,40-54,F,45957.41,4531.5,50488.91,8.98
2021,15-24,M,36887.42,2258.63,39146.05,5.77
2022,25-39,M,92093.26,8282.18,100375.44,8.25
2021,25-39,F,99115.76,8126.58,107242.34,7.58
2021,25-39,M,90274.44,6027.35,96301.79,6.26
2022,15-24,F,15373.53,1915.56,17289.09,11.08
2022,25-39,F,88327.33,5049.96,93377.29,5.41
2021,40-54,M,59268.69,4030.52,63299.21,6.37
2020,25-39,M,81753.18,5626.69,87379.88,6.44
2021,25-39,M,96524.67,7824.52,104349.19,7.5
2022,40-54,M,42773.19,3614.11,46387.31,7.79
2019,25-39,M,37573.87,3658.25,41232.13,8.87
2017,25-39,F,41997.41,2770.28,44767.69,6.19
2022,25-39,M,86645.56,2159.06,88804.62,2.43
2018,40-54,M,55488.02,1155.86,56643.88,2.04
2019,15-24,F,33272.69,2009.71,35282.41,5.7
2017,15-24,F,28797.98,3794.34,32592.32,11.64
2019,25-39,M,55224.42,4054.57,59278.98,6.84
2019,40-54,F,28579.64,2508.01,31087.66,8.07
2021,25-39,F,67037.68,1732.01,68769.68,2.52
2020,15-24,M,21057.2,1403.51,22460.71,6.25
2019,40-54,F,57050.47,5393.4,62443.86,8.64
2019,15-24,M,26327.56,526.3,26853.87,1.96
2020,15-24,M,11930.56,563.18,12493.75,4.51
2020,25-39,F,36101.04,2118.96,38220.01,5.54
2020,15-24,F,30793.63,3021.2,33814.84,8.93
2019,40-54,F,38944.32,3353.0,42297.32,7.93
2022,15-24,F,28982.31,2428.69,31410.99,7.73
2020,15-24,M,17186.02,2028.8,19214.82,10.56
2021,25-39,M,48989.01,3732.02,52721.03,7.08
2019,40-54,F,47537.35,1032.12,48569.47,2.13
2020,40-54,F,48524.23,1933.36,50457.59,3.83
2018,15-24,F,39631.63,5703.22,45334.84,12.58
2020,40-54,F,42823.81,2893.56,45717.37,6.33
2017,25-39,F,98678.96,8416.81,107095.77,7.86
2021,25-39,F,94942.49,6987.59,101930.08,6.86
2022,25-39,M,46084.03,2308.87,48392.91,4.77
2022,40-54,F,68489.6,2063.92,70553.52,2.93
2022,25-39,F,30954.72,1588.41,32543.13,4.88
2022,40-54,M,31453.41,1329.08,32782.49,4.05
2020,25-39,F,71415.37,5747.38,77162.75,7.45
2018,40-54,F,37459.19,3639.49,41098.69,8.86
2021,40-54,M,45394.89,2889.48,48284.37,5.98
2020,40-54,F,49257.59,3705.71,52963.3,7.0
2022,25-39,M,92879.92,7664.53,100544.45,7.62
2019,40-54,M,61672.45,2630.11,64302.56,4.09
2021,15-24,M,39078.14,1087.23,40165.37,2.71
2022,25-39,M,92236.43,4364.34,96600.77,4.52
2017,25-39,F,42615.73,1401.23,44016.96,3.18
2019,15-24,F,38028.07,5587.43,43615.5,12.81
2021,25-39,M,58799.3,1273.44,60072.73,2.12
2018,40-54,M,72462.89,2393.7,74856.6,3.2
2017,40-54,M,38085.65,1432.99,39518.64,3.63
2021,15-24,F,30232.07,2873.62,33105.69,8.68
2019,40-54,F,69461.89,3420.15,72882.04,4.69
2022,25-39,F,42293.22,2186.96,44480.18,4.92
2020,25-39,F,77256.89,1297.25,78554.14,1.65
2019,25-39,F,49005.92,3094.44,52100.36,5.94
2020,25-39,F,38530.06,3517.89,42047.96,8.37
2021,15-24,M,39164.81,5524.43,44689.24,12.36
2019,40-54,M,28721.69,2014.3,30735.99,6.55
2020,25-39,F,36801.52,1448.4,38249.92,3.79
2021,25-39,F,92727.03,8790.46,101517.49,8.66
2019,40-54,F,27672.19,2332.37,30004.56,7.77
2022,15-24,F,13774.28,795.57,14569.85,5.46
2018,40-54,M,26593.44,2096.26,28689.7,7.31
2021,40-54,F,26474.53,2084.61,28559.14,7.3
2019,25-39,F,49376.01,1513.53,50889.54,2.97
2019,15-24,F,13494.59,2016.92,15511.5,13.0
2020,40-54,M,63434.21,4335.35,67769.56,6.4
2017,25-39,M,88238.64,3330.91,91569.55,3.64
2018,40-54,M,49140.13,1823.27,50963.41,3.58
2022,40-54,F,62530.85,5865.96,68396.81,8.58
2021,40-54,F,66694.69,2430.3,69124.99,3.52
2018,25-39,M,75605.89,6993.9,82599.79,8.47
2017,25-39,M,84556.28,3433.95,87990.23,3.9
2022,15-24,F,20969.81,1057.31,22027.12,4.8
2021,25-39,F,52516.01,4653.58,57169.58,8.14
2018,15-24,F,28842.55,3280.57,32123.12,10.21
2019,25-39,F,77980.45,3799.99,81780.44,4.65
2019,15-24,F,20583.93,2387.77,22971.7,10.39
2021,15-24,M,10764.9,1550.38,12315.28,12.59
2020,15-24,F,38939.85,4348.82,43288.67,10.05
2020,15-24,F,19940.88,2375.39,22316.27,10.64
2019,15-24,F,39860.04,4263.71,44123.75,9.66
2020,25-39,M,79184.3,2039.12,81223.42,2.51
2017,15-24,M,29483.43,1802.05,31285.49,5.76
2018,40-54,M,69597.21,4934.52,74531.73,6.62
2020,15-24,M,14430.59,1642.59,16073.18,10.22
2021,40-54,M,23139.71,1744.08,24883.79,7.01
2020,15-24,F,23371.81,1412.4,24784.21,5.7
2019,15-24,M,31962.75,1935.89,33898.65,5.71
2020,15-24,M,39490.27,525.12,40015.39,1.31
2019,15-24,M,26774.95,1856.17,28631.13,6.48
2017,25-39,F,62076.82,1284.14,63360.96,2.03
2017,40-54,M,57299.58,3462.42,60762.0,5.7
2019,40-54,F,37035.66,3319.83,40355.49,8.23
2022,40-54,M,71133.81,5541.68,76675.49,7.23
2017,40-54,M,32976.17,3123.11,36099.28,8.65
2020,40-54,M,23700.88,2109.22,25810.09,8.17
2019,15-24,M,35772.39,1313.99,37086.39,3.54
2022,25-39,M,47571.93,2628.48,50200.41,5.24
2019,40-54,F,61341.91,2709.29,64051.21,4.23
2018,25-39,M,76400.16,2826.51,79226.67,3.57
2021,25-39,F,90851.17,7068.02,97919.19,7.22
2021,25-39,F,94419.44,8913.09,103332.53,8.63
2021,25-39,F,55818.86,4982.55,60801.41,8.19
2017,25-39,F,61513.3,6134.21,67647.51,9.07
2022,25-39,F,68318.4,4964.04,73282.44,6.77
2018,25-39,F,88801.12,1937.47,90738.59,2.14
2018,25-39,M,77373.44,6085.71,83459.15,7.29
2019,15-24,F,39022.21,1412.22,40434.43,3.49
2018,25-39,M,33869.78,2104.83,35974.61,5.85
2019,25-39,F,33345.79,2065.85,35411.64,5.83
2018,40-54,F,65986.95,4410.0,70396.95,6.26
2019,25-39,M,64862.0,1168.52,66030.53,1.77
2022,40-54,M,55830.16,4091.18,59921.34,6.83
2019,25-39,M,50094.02,2603.32,52697.34,4.94
2019,15-24,F,11381.97,1367.9,12749.87,10.73
2021,15-24,F,11265.65,1315.02,12580.68,10.45
2021,40-54,F,67253.0,2276.22,69529.22,3.27
2021,15-24,M,27757.43,1839.28,29596.71,6.21
2018,25-39,M,56829.06,4609.96,61439.02,7.5
2019,25-39,M,37955.2,1760.56,39715.76,4.43
2022,40-54,M,22175.55,1088.06,23263.6,4.68
2021,40-54,F,68726.8,2414.78,71141.58,3.39
2021,25-39,F,51498.98,1092.46,52591.44,2.08
2021,40-54,M,28576.45,2750.36,31326.81,8.78
2019,25-39,F,50282.83,4822.23,55105.06,8.75
2022,25-39,F,63178.58,2118.86,65297.44,3.24
2019,40-54,F,20505.61,2031.47,22537.08,9.01
2018,40-54,M,50167.09,3408.81,53575.89,6.36
2018,25-39,F,86691.09,5325.24,92016.33,5.79
2017,15-24,F,34877.33,4831.1,39708.43,12.17
2018,40-54,M,28477.01,1959.94,30436.96,6.44
2021,25-39,M,58432.13,4040.96,62473.1,6.47
2017,25-39,M,96541.31,7948.99,104490.3,7.61
2022,15-24,M,35206.1,868.66,36074.76,2.41
2019,15-24,M,23861.23,2046.02,25907.25,7.9
2021,25-39,M,65018.28,3048.21,68066.48,4.48
2021,25-39,F,45703.3,3087.21,48790.52,6.33
2018,40-54,F,67687.13,3994.46,71681.58,5.57
2019,25-39,M,88288.99,7002.74,95291.73,7.35
2020,40-54,M,65061.71,2765.36,67827.06,4.08
2020,15-24,F,34724.3,1426.17,36150.47,3.95
2018,25-39,F,38640.78,2911.89,41552.67,7.01
2021,15-24,M,18420.64,669.96,19090.6,3.51
2021,25-39,F,39018.04,3244.19,42262.23,7.68
2021,15-24,F,29726.02,2912.03,32638.05,8.92
2022,15-24,F,11775.92,1286.39,13062.31,9.85
2019,15-24,F,30157.63,3010.36,33168.0,9.08
2019,40-54,M,56565.42,3897.41,60462.83,6.45
2018,15-24,F,31599.24,1528.99,33128.23,4.62
2017,25-39,F,46174.77,2250.03,48424.8,4.65
2022,25-39,M,41379.81,2299.8,43679.62,5.27
2017,25-39,M,40001.9,1330.22,41332.12,3.22
2021,25-39,M,59516.26,1784.23,61300.49,2.91
2020,25-39,F,33712.84,1609.97,35322.8,4.56
2020,40-54,M,68834.97,2005.63,70840.61,2.83
2020,25-39,M,93265.96,1658.74,94924.7,1.75
2020,25-39,F,98398.59,1235.46,99634.05,1.24
2019,15-24,M,20538.1,2671.52,23209.62,11.51
2022,15-24,F,36459.79,3885.92,40345.71,9.63
2021,15-24,M,36834.89,3452.7,40287.59,8.57
2017,15-24,M,17888.3,1223.99,19112.29,6.4
2019,25-39,M,78493.62,4112.44,82606.06,4.98
2020,40-54,M,35979.38,3551.16,39530.53,8.98
2017,40-54,F,53545.05,1093.36,54638.41,2.0
2017,40-54,M,37243.79,2185.78,39429.57,5.54
2020,25-39,F,66138.39,4590.51,70728.9,6.49
2020,25-39,M,52201.16,4308.94,56510.1,7.63
2017,15-24,M,24004.21,2852.91,26857.13,10.62
2021,15-24,M,36123.9,2387.92,38511.82,6.2
2018,40-54,F,20909.96,1399.91,22309.87,6.27
2022,15-24,F,18181.64,771.43,18953.08,4.07
2019,40-54,M,32505.93,2195.86,34701.79,6.33
2017,40-54,F,47600.47,3861.96,51462.43,7.5
2018,40-54,M,44832.74,4196.93,49029.68,8.56
2018,25-39,F,65725.55,2633.84,68359.39,3.85
2022,15-24,M,29389.0,724.63,30113.62,2.41
2022,40-54,M,54665.44,2948.55,57613.99,5.12
2022,40-54,M,32388.45,3226.86,35615.31,9.06
2020,25-39,M,38484.72,2999.17,41483.89,7.23
2018,40-54,F,29069.39,2299.49,31368.88,7.33
2019,40-54,M,65094.81,2167.87,67262.68,3.22
2021,40-54,M,72255.31,7195.92,79451.22,9.06
2022,15-24,F,26123.17,2721.46,28844.63,9.43
2019,15-24,M,11134.86,1407.49,12542.36,11.22
2017,25-39,F,84500.94,4536.43,89037.37,5.09
2019,15-24,M,25919.62,1397.15,27316.77,5.11
2017,40-54,F,74517.48,3657.35,78174.83,4.68
2022,15-24,M,26660.44,2813.28,29473.72,9.55
2018,15-24,F,16418.13,2418.69,18836.81,12.84
2020,40-54,F,46527.71,1978.52,48506.23,4.08
2021,15-24,M,16208.1,1390.81,17598.91,7.9
2021,40-54,M,69689.47,4746.16,74435.63,6.38
2017,40-54,F,79619.24,7441.56,87060.8,8.55
2017,25-39,F,91894.59,7731.46,99626.05,7.76
2022,25-39,F,85088.96,6923.39,92012.35,7.52
2022,15-24,M,29129.54,779.82,29909.36,2.61
2020,40-54,F,73769.46,1185.67,74955.13,1.58
2018,40-54,F,76293.77,5332.21,81625.98,6.53
2018,25-39,F,84587.19,3047.8,87635.0,3.48
2022,15-24,F,17290.12,1112.04,18402.16,6.04
2017,25-39,M,71819.8,6674.63,78494.43,8.5
2021,25-39,F,68201.9,4118.01,72319.9,5.69
2018,40-54,F,70947.17,1637.16,72584.33,2.26
2022,15-24,M,17946.56,1930.87,19877.43,9.71
2018,25-39,M,96281.36,3186.66,99468.02,3.2
2017,25-39,M,48052.82,3842.92,51895.74,7.41
2019,40-54,M,55722.83,3419.61,59142.44,5.78
2020,15-24,M,20668.59,1485.89,22154.48,6.71
2022,25-39,M,95394.43,1606.28,97000.7,1.66
2020,15-24,F,18165.96,1179.6,19345.56,6.1
2017,40-54,F,37985.68,1129.89,39115.57,2.89
2018,40-54,M,71925.9,2486.66,74412.55,3.34
2017,25-39,F,68465.18,6000.62,74465.81,8.06
2019,40-54,M,25452.16,1065.03,26517.19,4.02
2021,40-54,M,46253.68,3897.18,50150.86,7.77
2017,15-24,M,27787.38,3658.81,31446.19,11.64
2019,40-54,F,21059.89,1640.92,22700.81,7.23
2020,40-54,F,33229.47,3108.8,36338.27,8.56
2017,40-54,F,21535.85,1857.19,23393.04,7.94
2022,15-24,F,36592.71,1669.68,38262.39,4.36
2017,40-54,M,47724.05,3592.2,51316.25,7.0
2021,40-54,F,24340.77,2045.91,26386.69,7.75
2022,15-24,F,29533.81,4066.72,33600.53,12.1
2018,40-54,F,57092.71,3917.3,61010.01,6.42
2022,25-39,F,37489.07,2396.14,39885.2,6.01
2022,15-24,F,27442.35,2460.05,29902.41,8.23
2021,25-39,F,84598.88,6541.79,91140.67,7.18
2022,40-54,F,48751.42,3594.35,52345.77,6.87
2017,40-54,M,69086.6,2863.81,71950.41,3.98
2021,15-24,M,35751.03,3854.79,39605.82,9.73
2021,25-39,M,46388.45,4449.5,50837.95,8.75
2020,40-54,M,54025.34,5043.82,59069.17,8.54
2020,40-54,F,35318.5,1079.19,36397.69,2.97
2017,40-54,M,26040.11,2235.4,28275.51,7.91
2020,25-39,F,43982.61,2261.77,46244.37,4.89
2019,40-54,M,55334.36,4225.73,59560.09,7.09
2022,40-54,F,75352.41,2935.22,78287.63,3.75
2017,40-54,F,33273.76,3197.69,36471.45,8.77
2021,15-24,M,33265.71,1005.29,34270.99,2.93
2018,15-24,M,15059.2,2252.79,17311.99,13.01
2018,25-39,M,94458.15,8954.67,103412.83,8.66
2020,25-39,M,58200.83,2394.23,60595.07,3.95
2021,25-39,M,35337.06,3418.31,38755.37,8.82
2019,40-54,F,29810.7,2247.83,32058.53,7.01
2017,25-39,M,54052.77,4157.32,58210.09,7.14
2017,25-39,F,97376.92,7916.33,105293.25,7.52
2022,40-54,F,44916.94,3848.52,48765.46,7.89
2017,25-39,F,52444.47,2370.94,54815.41,4.33
2017,15-24,F,17192.69,2453.07,19645.76,12.49
2022,15-24,F,24050.17,3601.41,27651.58,13.02
2021,15-24,F,37014.59,4291.26,41305.85,10.39
2021,25-39,F,44333.95,3425.49,47759.43,7.17
2018,40-54,M,50264.3,4465.92,54730.22,8.16
2022,25-39,M,70049.08,1619.84,71668.92,2.26
2020,15-24,M,30284.5,1031.06,31315.56,3.29
2017,40-54,F,57462.61,2361.9,59824.51,3.95
2021,25-39,F,89044.94,2224.21,91269.15,2.44
2018,25-39,F,43841.77,1473.86,45315.63,3.25
2020,15-24,F,27809.66,2465.62,30275.27,8.14
2022,15-24,F,19183.53,677.72,19861.25,3.41
2017,15-24,M,29641.02,1951.37,31592.39,6.18
2017,25-39,M,68990.51,2953.84,71944.35,4.11
2019,40-54,M,67837.44,5481.74,73319.18,7.48
2021,25-39,M,92135.71,6888.01,99023.72,6.96
2022,25-39,M,94559.96,9315.8,103875.76,8.97
2020,15-24,F,37131.89,1005.01,38136.9,2.64
2020,15-24,F,23064.67,2113.71,25178.38,8.39
2022,40-54,F,70706.03,3921.92,74627.94,5.26
2020,40-54,F,32692.05,2186.91,34878.96,6.27
2021,15-24,M,39842.49,2858.04,42700.53,6.69
2021,40-54,F,76422.56,1726.24,78148.8,2.21
2017,25-39,M,49909.57,3110.22,53019.79,5.87
2018,40-54,M,34387.19,2997.78,37384.97,8.02
2020,25-39,F,75028.11,2383.94,77412.04,3.08
2019,25-39,M,43439.81,1339.05,44778.86,2.99
2020,15-24,F,34794.04,956.59,35750.63,2.68
2018,40-54,F,36008.61,2542.21,38550.82,6.59
2019,25-39,M,42731.12,3802.17,46533.29,8.17
2018,15-24,F,11016.87,853.83,11870.7,7.19
2020,25-39,F,34292.28,2698.19,36990.46,7.29
2018,40-54,F,41820.69,1318.42,43139.12,3.06
2017,15-24,F,16379.79,563.98,16943.78,3.33
2022,40-54,M,55809.52,4742.7,60552.23,7.83
2022,25-39,M,42541.91,2129.98,44671.89,4.77
2018,40-54,M,21832.2,1015.36,22847.57,4.44
2022,15-24,F,24679.03,3384.4,28063.43,12.06
2017,40-54,F,36575.22,2992.77,39567.99,7.56
2017,15-24,F,18085.77,2188.44,20274.21,10.79
2022,25-39,M,84475.7,6979.76,91455.46,7.63
2022,15-24,F,26370.05,3643.95,30014.01,12.14
2017,40-54,F,53101.63,5015.0,58116.63,8.63
2018,25-39,M,87557.6,1930.47,89488.07,2.16
2021,25-39,M,61793.66,5491.2,67284.86,8.16
2022,15-24,F,19743.1,1509.51,21252.61,7.1
2020,15-24,M,15960.84,1347.39,17308.23,7.78
2017,25-39,F,58802.53,1084.46,59886.99,1.81
2019,25-39,M,81785.14,4806.47,86591.62,5.55
2022,15-24,F,25454.54,810.87,26265.41,3.09
2017,25-39,F,32561.73,2370.35,34932.08,6.79
2019,25-39,M,86491.47,2087.88,88579.35,2.36
2019,25-39,F,44828.39,3983.95,48812.34,8.16
2021,40-54,F,23427.59,1407.97,24835.55,5.67
2022,25-39,M,51168.92,1203.03,52371.95,2.3
2017,15-24,F,38965.97,4539.26,43505.23,10.43
2021,15-24,M,25511.92,3126.75,28638.66,10.92
2020,40-54,F,57517.19,1653.99,59171.19,2.8
2019,15-24,F,36301.17,3552.29,39853.46,8.91
2021,25-39,F,35283.27,2531.0,37814.27,6.69
2019,25-39,M,63758.9,5158.62,68917.52,7.49
2018,40-54,F,28350.85,1539.24,29890.09,5.15
2022,25-39,F,91043.4,6683.76,97727.16,6.84
2022,40-54,F,73526.0,6475.42,80001.42,8.09
2020,25-39,F,48783.35,3472.62,52255.97,6.65
2018,40-54,F,57548.01,3745.03,61293.03,6.11
2022,15-24,F,24795.26,1460.24,26255.5,5.56
2021,15-24,F,28907.35,1104.11,30011.45,3.68
2018,15-24,F,32888.55,948.43,33836.98,2.8
2020,40-54,F,31854.21,1452.27,33306.48,4.36
2017,25-39,M,40833.64,1590.4,42424.03,3.75
