GEO,GEO_OBJECT,TIME_PERIOD,age,Sexe,Employed_Total,Unemployed_Total,Population_Active,Taux_Chomage (%),company_count,avg_CRE_Measure
66136,COM,2017,15-24,F,41769.91,2176.48,43946.39,4.95,1248,46.34
66136,COM,2017,15-24,F,48206.16,2894.2,51100.36,5.66,1200,50.43
66136,COM,2017,15-24,F,67030.2,1973.97,69004.16,2.86,1204,46.43
66136,COM,2017,15-24,F,58896.34,2673.11,61569.45,4.34,1211,50.19
66136,COM,2017,15-24,F,55307.87,5154.7,60462.57,8.53,1220,51.26
66136,COM,2017,15-24,F,57075.98,6297.2,63373.18,9.94,1162,52.82
66136,COM,2017,15-24,F,43326.9,1526.12,44853.02,3.4,1201,47.8
66136,COM,2017,15-24,F,47607.1,2675.23,50282.32,5.32,1190,45.3
66136,COM,2017,15-24,F,48200.76,4674.64,52875.39,8.84,1218,45.68
66136,COM,2017,15-24,F,50290.45,2891.61,53182.06,5.44,1220,47.64
66136,COM,2017,15-24,F,45307.42,2349.46,47656.88,4.93,1202,49.1
66136,COM,2017,15-24,F,58718.44,5395.47,64113.91,8.42,1203,48.31
66136,COM,2017,15-24,F,54428.17,3584.91,58013.07,6.18,1221,51.78
66136,COM,2017,15-24,F,48684.13,2693.41,51377.55,5.24,1241,47.27
66136,COM,2017,15-24,F,50829.01,661.36,51490.38,1.28,1216,52.3
66136,COM,2017,15-24,F,44284.29,1605.46,45889.75,3.5,1161,54.49
66136,COM,2017,15-24,M,51429.49,1943.93,53373.42,3.64,1195,54.67
66136,COM,2017,15-24,M,65834.88,6591.39,72426.28,9.1,1193,47.74
66136,COM,2017,15-24,M,51837.25,624.96,52462.2,1.19,1199,53.92
66136,COM,2017,15-24,M,56542.4,531.78,57074.19,0.93,1161,54.59
66136,COM,2017,15-24,M,52648.68,4637.68,57286.36,8.1,1184,46.64
66136,COM,2017,15-24,M,52383.54,1231.87,53615.41,2.3,1154,53.81
66136,COM,2017,15-24,M,37898.29,3284.57,41182.86,7.98,1158,54.43
66136,COM,2017,15-24,M,44618.86,3275.92,47894.78,6.84,1216,46.21
66136,COM,2017,15-24,M,58033.43,776.9,58810.34,1.32,1164,45.22
66136,COM,2017,15-24,M,53843.5,1706.87,55550.37,3.07,1197,54.11
66136,COM,2017,15-24,M,53976.43,3424.78,57401.21,5.97,1242,50.33
66136,COM,2017,15-24,M,47563.76,2897.93,50461.69,5.74,1247,45.71
66136,COM,2017,15-24,M,47400.1,2184.9,49585.0,4.41,1183,53.56
66136,COM,2017,15-24,M,53250.41,1357.59,54608.0,2.49,1166,53.35
66136,COM,2017,15-24,M,64858.11,1334.74,66192.84,2.02,1197,46.63
66136,COM,2017,15-24,M,47420.18,3898.83,51319.01,7.6,1191,47.51
66136,COM,2017,15-24,M,47746.59,4274.27,52020.86,8.22,1244,48.8
66136,COM,2017,15-24,M,52775.46,2847.13,55622.58,5.12,1200,47.49
66136,COM,2017,15-24,M,50666.86,2636.27,53303.13,4.95,1210,52.85
66136,COM,2017,15-24,M,44639.89,745.89,45385.79,1.64,1246,52.24
66136,COM,2017,15-24,M,54046.05,3684.41,57730.46,6.38,1239,50.96
66136,COM,2017,15-24,M,46610.38,639.15,47249.53,1.35,1250,53.49
66136,COM,2017,15-24,M,46093.52,408.88,46502.4,0.88,1184,53.61
66136,COM,2017,15-24,M,50340.58,4824.64,55165.23,8.75,1203,54.26
66136,COM,2017,25-39,F,150283.33,10411.91,160695.23,6.48,1163,47.94
66136,COM,2017,25-39,F,194195.69,11000.01,205195.7,5.36,1212,48.77
66136,COM,2017,25-39,F,155037.39,12563.75,167601.14,7.5,1189,53.4
66136,COM,2017,25-39,F,149303.44,8933.29,158236.73,5.65,1174,47.58
66136,COM,2017,25-39,F,160542.68,11129.31,171671.99,6.48,1236,53.84
66136,COM,2017,25-39,F,146994.45,8387.79,155382.24,5.4,1199,48.43
66136,COM,2017,25-39,F,128212.25,3880.01,132092.26,2.94,1185,49.25
66136,COM,2017,25-39,F,199736.77,21907.21,221643.97,9.88,1184,50.97
66136,COM,2017,25-39,F,132010.37,7011.17,139021.54,5.04,1217,46.35
66136,COM,2017,25-39,F,159145.74,6469.76,165615.51,3.91,1217,53.47
66136,COM,2017,25-39,F,115428.22,12081.54,127509.76,9.47,1171,54.39
66136,COM,2017,25-39,F,170740.53,16184.45,186924.99,8.66,1216,49.15
66136,COM,2017,25-39,F,171989.67,16318.37,188308.04,8.67,1157,48.15
66136,COM,2017,25-39,F,141372.13,12312.55,153684.67,8.01,1167,48.06
66136,COM,2017,25-39,F,152049.77,10121.04,162170.81,6.24,1248,52.93
66136,COM,2017,25-39,F,155166.93,8346.63,163513.56,5.1,1194,48.8
66136,COM,2017,25-39,M,139313.73,8448.53,147762.26,5.72,1197,46.83
66136,COM,2017,25-39,M,145562.51,12931.38,158493.89,8.16,1248,46.85
66136,COM,2017,25-39,M,165771.2,10237.7,176008.91,5.82,1212,46.03
66136,COM,2017,25-39,M,186857.54,5484.89,192342.43,2.85,1158,47.01
66136,COM,2017,25-39,M,154445.53,13003.58,167449.11,7.77,1201,50.03
66136,COM,2017,25-39,M,154538.26,4945.62,159483.89,3.1,1233,46.22
66136,COM,2017,25-39,M,176403.16,1620.28,178023.44,0.91,1231,46.08
66136,COM,2017,25-39,M,119024.44,7693.76,126718.2,6.07,1219,50.18
66136,COM,2017,25-39,M,173578.7,7869.46,181448.16,4.34,1194,47.75
66136,COM,2017,25-39,M,153267.87,5006.5,158274.37,3.16,1153,49.07
66136,COM,2017,25-39,M,110763.42,10206.29,120969.71,8.44,1195,47.42
66136,COM,2017,25-39,M,114458.65,11629.45,126088.1,9.22,1236,50.06
66136,COM,2017,25-39,M,158733.83,9732.66,168466.49,5.78,1231,52.05
66136,COM,2017,25-39,M,146966.98,2397.91,149364.89,1.61,1168,52.74
66136,COM,2017,25-39,M,159745.11,8559.6,168304.71,5.09,1215,49.26
66136,COM,2017,25-39,M,136741.39,13574.06,150315.45,9.03,1221,50.83
66136,COM,2017,25-39,M,170451.6,17270.78,187722.38,9.2,1216,51.35
66136,COM,2017,25-39,M,90808.57,8651.12,99459.69,8.7,1198,46.11
66136,COM,2017,25-39,M,153991.03,13514.56,167505.59,8.07,1225,52.05
66136,COM,2017,40-54,F,198068.66,1625.47,199694.13,0.81,1245,54.08
66136,COM,2017,40-54,F,171396.22,18171.9,189568.13,9.59,1186,52.86
66136,COM,2017,40-54,F,219139.2,4526.55,223665.75,2.02,1162,53.37
66136,COM,2017,40-54,F,200960.12,3947.77,204907.89,1.93,1181,54.88
66136,COM,2017,40-54,F,197519.58,13017.82,210537.4,6.18,1196,54.98
66136,COM,2017,40-54,F,168128.19,16381.33,184509.53,8.88,1244,51.56
66136,COM,2017,40-54,F,190466.58,16388.76,206855.35,7.92,1233,50.65
66136,COM,2017,40-54,F,190503.25,17024.2,207527.44,8.2,1189,45.48
66136,COM,2017,40-54,F,194159.08,20699.89,214858.98,9.63,1212,45.41
66136,COM,2017,40-54,F,182077.3,14642.37,196719.67,7.44,1241,52.32
66136,COM,2017,40-54,F,215638.4,16737.69,232376.09,7.2,1153,50.12
66136,COM,2017,40-54,F,157365.41,14204.73,171570.14,8.28,1169,53.28
66136,COM,2017,40-54,F,190201.3,14664.77,204866.07,7.16,1217,53.48
66136,COM,2017,40-54,M,165710.89,6752.22,172463.11,3.92,1242,47.97
66136,COM,2017,40-54,M,174717.95,7036.82,181754.76,3.87,1177,54.5
66136,COM,2017,40-54,M,175183.07,5817.85,181000.92,3.21,1205,50.28
66136,COM,2017,40-54,M,122653.54,9881.48,132535.02,7.46,1247,51.01
66136,COM,2017,40-54,M,182166.06,10904.75,193070.82,5.65,1237,52.58
66136,COM,2017,40-54,M,224554.54,1862.25,226416.79,0.82,1156,47.97
66136,COM,2017,40-54,M,201250.67,4317.38,205568.06,2.1,1227,51.19
66136,COM,2017,40-54,M,251471.06,12410.05,263881.1,4.7,1209,45.68
66136,COM,2017,40-54,M,227390.01,15918.9,243308.91,6.54,1170,54.78
66136,COM,2017,40-54,M,213652.78,17538.87,231191.65,7.59,1207,52.08
66136,COM,2017,40-54,M,163637.3,16418.09,180055.39,9.12,1240,50.6
66136,COM,2017,40-54,M,168544.28,14713.7,183257.97,8.03,1168,47.01
66136,COM,2017,40-54,M,233767.63,8420.41,242188.04,3.48,1249,54.07
66136,COM,2017,40-54,M,188744.11,12933.44,201677.55,6.41,1159,48.15
66136,COM,2017,40-54,M,232894.08,11709.91,244603.99,4.79,1232,53.21
66136,COM,2017,40-54,M,251123.17,11460.86,262584.03,4.36,1204,51.99
66136,COM,2017,40-54,M,174188.45,4745.24,178933.69,2.65,1150,47.53
66136,COM,2017,40-54,M,236194.4,11249.82,247444.23,4.55,1168,52.3
66136,COM,2017,40-54,M,232337.05,20586.93,252923.98,8.14,1198,54.57
66136,COM,2017,40-54,M,187951.77,4293.51,192245.28,2.23,1174,52.29
66136,COM,2017,55-64,F,113552.99,3353.19,116906.18,2.87,1164,52.56
66136,COM,2017,55-64,F,96406.08,5265.49,101671.57,5.18,1218,47.3
66136,COM,2017,55-64,F,122199.16,5222.16,127421.32,4.1,1250,48.63
66136,COM,2017,55-64,F,124824.68,8227.58,133052.25,6.18,1174,47.46
66136,COM,2017,55-64,F,118452.42,6816.64,125269.06,5.44,1191,53.77
66136,COM,2017,55-64,F,122515.58,8783.14,131298.73,6.69,1151,52.98
66136,COM,2017,55-64,F,85495.36,2462.31,87957.67,2.8,1195,46.42
66136,COM,2017,55-64,F,94599.52,9893.19,104492.71,9.47,1222,46.05
66136,COM,2017,55-64,F,105568.19,3564.12,109132.31,3.27,1194,48.98
66136,COM,2017,55-64,F,105744.83,7162.54,112907.37,6.34,1222,49.68
66136,COM,2017,55-64,F,110955.43,8522.2,119477.64,7.13,1153,50.52
66136,COM,2017,55-64,F,84487.95,1453.32,85941.27,1.69,1184,53.97
66136,COM,2017,55-64,F,116831.35,10248.83,127080.19,8.06,1175,48.63
66136,COM,2017,55-64,F,87304.6,769.71,88074.32,0.87,1158,45.47
66136,COM,2017,55-64,M,90996.19,1318.14,92314.33,1.43,1233,47.41
66136,COM,2017,55-64,M,81023.21,4661.82,85685.03,5.44,1153,46.85
66136,COM,2017,55-64,M,118734.11,8825.95,127560.06,6.92,1206,46.13
66136,COM,2017,55-64,M,100942.37,9843.36,110785.73,8.89,1158,47.79
66136,COM,2017,55-64,M,103394.32,610.9,104005.22,0.59,1238,51.64
66136,COM,2017,55-64,M,108719.71,6904.23,115623.95,5.97,1248,49.13
66136,COM,2017,55-64,M,99880.41,1341.95,101222.36,1.33,1235,50.87
66136,COM,2017,55-64,M,98419.12,9493.65,107912.77,8.8,1183,52.93
66136,COM,2017,55-64,M,78252.15,1527.33,79779.48,1.91,1219,53.77
66136,COM,2017,55-64,M,119118.88,4318.4,123437.28,3.5,1193,48.95
66136,COM,2017,55-64,M,63851.68,3666.8,67518.48,5.43,1214,48.12
66136,COM,2017,55-64,M,109504.17,6024.18,115528.35,5.21,1216,49.83
66136,COM,2017,55-64,M,114989.95,8073.67,123063.61,6.56,1189,49.43
66136,COM,2017,55-64,M,99357.65,1141.93,100499.58,1.14,1171,49.79
66136,COM,2017,55-64,M,100870.34,9437.15,110307.49,8.56,1206,54.82
66136,COM,2017,55-64,M,110282.62,11343.96,121626.57,9.33,1155,48.66
66136,COM,2017,55-64,M,90026.96,7766.07,97793.02,7.94,1160,49.54
66136,COM,2017,55-64,M,122466.65,8690.73,131157.37,6.63,1188,54.34
66136,COM,2017,55-64,M,102588.25,1310.97,103899.23,1.26,1224,52.91
66136,COM,2017,55-64,M,126552.51,13891.5,140444.01,9.89,1216,54.68
66136,COM,2017,55-64,M,72119.09,1042.54,73161.63,1.42,1170,50.35
66136,COM,2017,55-64,M,110375.82,5781.66,116157.47,4.98,1207,46.8
66136,COM,2017,55-64,M,88159.92,7892.74,96052.66,8.22,1217,54.26
66136,COM,2017,55-64,M,110766.9,4724.7,115491.6,4.09,1175,49.66
66136,COM,2017,55-64,M,98661.42,8257.47,106918.89,7.72,1245,52.04
66136,COM,2018,15-24,F,52715.1,4666.92,57382.02,8.13,1235,43.77
66136,COM,2018,15-24,F,57827.57,3585.11,61412.68,5.84,1211,46.29
66136,COM,2018,15-24,F,46197.93,611.31,46809.24,1.31,1282,47.81
66136,COM,2018,15-24,F,49583.11,335.48,49918.59,0.67,1259,47.93
66136,COM,2018,15-24,F,55221.55,1237.2,56458.75,2.19,1283,46.59
66136,COM,2018,15-24,F,45278.63,4396.87,49675.49,8.85,1241,43.29
66136,COM,2018,15-24,F,45119.65,4900.47,50020.12,9.8,1242,48.83
66136,COM,2018,15-24,F,43341.81,1695.57,45037.38,3.76,1243,47.39
66136,COM,2018,15-24,F,56768.52,1313.01,58081.53,2.26,1254,47.31
66136,COM,2018,15-24,F,48439.12,4313.14,52752.26,8.18,1294,46.67
66136,COM,2018,15-24,F,55670.4,5733.01,61403.41,9.34,1288,49.04
66136,COM,2018,15-24,F,62162.0,2607.65,64769.65,4.03,1237,46.72
66136,COM,2018,15-24,F,60017.42,367.79,60385.21,0.61,1261,47.19
66136,COM,2018,15-24,F,52188.21,3897.71,56085.92,6.95,1257,47.08
66136,COM,2018,15-24,F,56761.63,5342.71,62104.35,8.6,1290,51.48
66136,COM,2018,15-24,F,54698.68,1320.28,56018.96,2.36,1283,51.16
66136,COM,2018,15-24,F,50005.33,3214.31,53219.64,6.04,1246,50.81
66136,COM,2018,15-24,F,55645.12,5150.25,60795.36,8.47,1201,43.53
66136,COM,2018,15-24,F,49151.9,2648.84,51800.74,5.11,1256,47.47
66136,COM,2018,15-24,F,49930.34,1124.25,51054.59,2.2,1268,46.5
66136,COM,2018,15-24,F,53165.81,1706.15,54871.96,3.11,1202,44.61
66136,COM,2018,15-24,M,47741.72,3191.92,50933.64,6.27,1240,44.96
66136,COM,2018,15-24,M,56865.52,5035.58,61901.1,8.13,1243,46.17
66136,COM,2018,15-24,M,46435.57,4814.12,51249.69,9.39,1257,51.3
66136,COM,2018,15-24,M,50631.23,3268.98,53900.2,6.06,1290,50.01
66136,COM,2018,15-24,M,54125.39,1230.94,55356.33,2.22,1212,43.85
66136,COM,2018,15-24,M,45741.84,2169.16,47911.0,4.53,1268,43.68
66136,COM,2018,15-24,M,62296.16,4249.07,66545.23,6.39,1278,51.84
66136,COM,2018,15-24,M,43106.15,1662.48,44768.63,3.71,1288,51.47
66136,COM,2018,15-24,M,39117.7,637.4,39755.1,1.6,1241,45.75
66136,COM,2018,15-24,M,44493.7,3754.63,48248.33,7.78,1257,49.82
66136,COM,2018,15-24,M,53966.23,4507.0,58473.23,7.71,1202,46.33
66136,COM,2018,15-24,M,47112.34,374.87,47487.2,0.79,1220,42.45
66136,COM,2018,15-24,M,69001.37,5147.47,74148.84,6.94,1280,49.06
66136,COM,2018,15-24,M,47920.13,3864.98,51785.11,7.46,1267,47.81
66136,COM,2018,15-24,M,50540.28,2973.65,53513.92,5.56,1275,50.73
66136,COM,2018,15-24,M,42452.98,288.36,42741.34,0.67,1209,48.92
66136,COM,2018,15-24,M,52440.78,2418.22,54858.99,4.41,1272,46.65
66136,COM,2018,15-24,M,48293.93,2676.21,50970.14,5.25,1211,45.57
66136,COM,2018,15-24,M,45984.34,2185.49,48169.83,4.54,1286,43.18
66136,COM,2018,15-24,M,62157.32,2040.35,64197.67,3.18,1264,42.96
66136,COM,2018,15-24,M,61690.92,3058.4,64749.32,4.72,1278,44.92
66136,COM,2018,15-24,M,63472.43,420.59,63893.02,0.66,1261,48.65
66136,COM,2018,15-24,M,52180.56,2935.2,55115.75,5.33,1239,45.11
66136,COM,2018,15-24,M,45613.19,2372.08,47985.27,4.94,1260,51.36
66136,COM,2018,15-24,M,55983.83,5632.44,61616.27,9.14,1280,48.25
66136,COM,2018,25-39,F,162207.6,7827.53,170035.13,4.6,1248,47.25
66136,COM,2018,25-39,F,174677.92,17114.53,191792.44,8.92,1251,45.75
66136,COM,2018,25-39,F,145197.44,2295.55,147492.98,1.56,1266,44.54
66136,COM,2018,25-39,F,138238.73,4223.32,142462.05,2.96,1201,45.63
66136,COM,2018,25-39,F,143659.85,1304.51,144964.36,0.9,1264,51.1
66136,COM,2018,25-39,F,165632.12,2051.17,167683.3,1.22,1280,42.62
66136,COM,2018,25-39,F,150847.36,2703.73,153551.08,1.76,1289,48.89
66136,COM,2018,25-39,F,154134.85,13041.3,167176.15,7.8,1290,51.31
66136,COM,2018,25-39,F,149723.74,5702.45,155426.19,3.67,1221,47.62
66136,COM,2018,25-39,F,148810.65,9554.17,158364.83,6.03,1294,47.21
66136,COM,2018,25-39,F,148313.29,12400.75,160714.04,7.72,1210,51.01
66136,COM,2018,25-39,F,129776.7,13371.1,143147.8,9.34,1283,48.31
66136,COM,2018,25-39,F,173624.65,14779.04,188403.68,7.84,1299,44.47
66136,COM,2018,25-39,F,166711.87,10116.83,176828.7,5.72,1237,51.69
66136,COM,2018,25-39,F,159460.18,7722.22,167182.4,4.62,1234,50.9
66136,COM,2018,25-39,F,143367.47,15882.35,159249.82,9.97,1292,46.46
66136,COM,2018,25-39,F,166881.46,7738.02,174619.47,4.43,1275,42.42
66136,COM,2018,25-39,F,166888.03,13789.9,180677.93,7.63,1242,48.52
66136,COM,2018,25-39,F,153622.03,6116.26,159738.29,3.83,1248,44.82
66136,COM,2018,25-39,F,163363.35,6364.85,169728.2,3.75,1288,50.63
66136,COM,2018,25-39,F,168318.81,2455.74,170774.56,1.44,1252,46.64
66136,COM,2018,25-39,F,104933.65,11088.63,116022.28,9.56,1217,44.98
66136,COM,2018,25-39,F,178222.05,12839.1,191061.16,6.72,1283,48.63
66136,COM,2018,25-39,F,156907.07,17134.88,174041.96,9.85,1250,47.22
66136,COM,2018,25-39,M,174569.83,18165.79,192735.62,9.43,1261,51.27
66136,COM,2018,25-39,M,157609.08,2440.71,160049.79,1.52,1262,50.96
66136,COM,2018,25-39,M,139079.32,7201.68,146281.0,4.92,1262,51.82
66136,COM,2018,25-39,M,165436.16,10131.57,175567.73,5.77,1250,51.04
66136,COM,2018,25-39,M,148272.81,2599.7,150872.51,1.72,1289,48.9
66136,COM,2018,25-39,M,165261.74,2467.02,167728.76,1.47,1238,47.27
66136,COM,2018,25-39,M,156222.81,7731.47,163954.28,4.72,1204,51.63
66136,COM,2018,25-39,M,185627.96,7336.37,192964.33,3.8,1211,51.81
66136,COM,2018,25-39,M,158576.06,14186.66,172762.73,8.21,1204,50.81
66136,COM,2018,25-39,M,156827.51,10402.34,167229.84,6.22,1259,50.25
66136,COM,2018,25-39,M,162410.08,4254.72,166664.8,2.55,1273,46.62
66136,COM,2018,25-39,M,156601.36,6016.85,162618.21,3.7,1208,50.19
66136,COM,2018,25-39,M,152774.9,11916.46,164691.36,7.24,1284,45.42
66136,COM,2018,25-39,M,145967.76,1761.77,147729.54,1.19,1212,48.67
66136,COM,2018,25-39,M,146170.96,9046.55,155217.51,5.83,1205,46.46
66136,COM,2018,25-39,M,124152.13,4623.43,128775.57,3.59,1224,44.53
66136,COM,2018,25-39,M,160806.85,10347.74,171154.59,6.05,1210,48.28
66136,COM,2018,25-39,M,183463.04,7925.79,191388.83,4.14,1235,51.33
66136,COM,2018,25-39,M,178684.69,9598.49,188283.17,5.1,1291,48.32
66136,COM,2018,25-39,M,146473.3,6320.45,152793.75,4.14,1289,46.51
66136,COM,2018,25-39,M,170024.72,9653.69,179678.41,5.37,1229,52.0
66136,COM,2018,25-39,M,159665.17,8465.07,168130.24,5.03,1279,45.63
66136,COM,2018,25-39,M,129863.91,3371.02,133234.93,2.53,1215,47.74
66136,COM,2018,25-39,M,133794.85,4472.1,138266.95,3.23,1249,48.74
66136,COM,2018,25-39,M,120475.89,11034.97,131510.86,8.39,1243,46.9
66136,COM,2018,25-39,M,176580.58,6792.19,183372.78,3.7,1269,48.14
66136,COM,2018,25-39,M,132666.38,12474.04,145140.42,8.59,1257,47.15
66136,COM,2018,25-39,M,121877.53,8418.34,130295.88,6.46,1300,51.29
66136,COM,2018,25-39,M,148135.63,7645.52,155781.16,4.91,1270,44.98
66136,COM,2018,40-54,F,170673.34,14459.19,185132.53,7.81,1269,51.68
66136,COM,2018,40-54,F,204015.43,17874.93,221890.36,8.06,1294,50.62
66136,COM,2018,40-54,F,225081.83,21626.28,246708.12,8.77,1229,42.0
66136,COM,2018,40-54,F,253424.88,8368.54,261793.41,3.2,1211,45.84
66136,COM,2018,40-54,F,191773.15,19581.87,211355.02,9.26,1288,51.57
66136,COM,2018,40-54,F,159277.91,3706.05,162983.96,2.27,1207,44.87
66136,COM,2018,40-54,F,203417.59,15187.28,218604.87,6.95,1265,50.88
66136,COM,2018,40-54,F,180292.68,2701.19,182993.87,1.48,1292,42.47
66136,COM,2018,40-54,F,216502.85,4953.24,221456.09,2.24,1223,49.61
66136,COM,2018,40-54,F,205691.19,22401.41,228092.59,9.82,1203,50.29
66136,COM,2018,40-54,F,210487.85,1992.08,212479.93,0.94,1241,45.22
66136,COM,2018,40-54,F,187320.99,16659.44,203980.43,8.17,1292,43.42
66136,COM,2018,40-54,F,205807.08,16599.38,222406.46,7.46,1265,49.07
66136,COM,2018,40-54,F,217976.96,20132.09,238109.05,8.45,1213,42.61
66136,COM,2018,40-54,F,180528.39,18828.37,199356.76,9.44,1214,46.62
66136,COM,2018,40-54,F,249484.43,18883.53,268367.96,7.04,1272,43.81
66136,COM,2018,40-54,F,179258.77,5267.86,184526.63,2.85,1241,47.88
66136,COM,2018,40-54,F,199927.88,15160.39,215088.27,7.05,1245,47.99
66136,COM,2018,40-54,F,225977.8,6336.95,232314.75,2.73,1254,42.36
66136,COM,2018,40-54,F,216915.9,6106.55,223022.45,2.74,1214,42.64
66136,COM,2018,40-54,M,226632.45,3686.85,230319.3,1.6,1206,50.5
66136,COM,2018,40-54,M,215451.43,18948.43,234399.86,8.08,1264,42.71
66136,COM,2018,40-54,M,295611.0,22242.28,317853.28,7.0,1215,42.71
66136,COM,2018,40-54,M,196089.65,21528.83,217618.47,9.89,1231,50.56
66136,COM,2018,40-54,M,179926.37,9460.83,189387.19,5.0,1271,43.59
66136,COM,2018,40-54,M,203052.92,21413.48,224466.4,9.54,1260,49.06
66136,COM,2018,40-54,M,250331.02,19068.48,269399.51,7.08,1223,43.28
66136,COM,2018,40-54,M,223263.36,23032.78,246296.14,9.35,1208,50.17
66136,COM,2018,40-54,M,181774.21,5303.99,187078.2,2.84,1292,46.81
66136,COM,2018,40-54,M,214462.0,7736.55,222198.55,3.48,1262,43.26
66136,COM,2018,40-54,M,165569.26,911.9,166481.16,0.55,1272,49.51
66136,COM,2018,40-54,M,148340.81,14787.66,163128.47,9.07,1205,45.25
66136,COM,2018,40-54,M,226959.45,5065.0,232024.45,2.18,1269,48.03
66136,COM,2018,40-54,M,215729.78,20041.94,235771.72,8.5,1255,46.52
66136,COM,2018,40-54,M,152072.02,11335.03,163407.06,6.94,1244,46.75
66136,COM,2018,40-54,M,206069.8,16926.41,222996.21,7.59,1280,51.96
66136,COM,2018,40-54,M,190032.27,1135.83,191168.1,0.59,1297,46.61
66136,COM,2018,40-54,M,204146.51,11876.48,216022.99,5.5,1261,50.24
66136,COM,2018,40-54,M,197248.82,8749.91,205998.73,4.25,1272,44.44
66136,COM,2018,40-54,M,246706.46,24237.29,270943.74,8.95,1255,47.47
66136,COM,2018,55-64,F,104432.16,4485.74,108917.91,4.12,1285,50.29
66136,COM,2018,55-64,F,85956.32,1378.85,87335.17,1.58,1225,46.98
66136,COM,2018,55-64,F,94231.67,1745.67,95977.34,1.82,1272,49.6
66136,COM,2018,55-64,F,107859.29,589.97,108449.26,0.54,1240,43.14
66136,COM,2018,55-64,F,114785.84,12245.77,127031.61,9.64,1216,51.5
66136,COM,2018,55-64,F,106141.2,6120.48,112261.68,5.45,1279,48.58
66136,COM,2018,55-64,F,86855.22,3459.93,90315.15,3.83,1232,50.25
66136,COM,2018,55-64,F,90616.56,7136.29,97752.85,7.3,1293,43.8
66136,COM,2018,55-64,F,98789.25,5264.08,104053.33,5.06,1242,42.17
66136,COM,2018,55-64,F,79421.48,4061.22,83482.7,4.86,1220,51.56
66136,COM,2018,55-64,F,80486.47,6251.35,86737.83,7.21,1289,42.81
66136,COM,2018,55-64,F,73927.29,1514.05,75441.35,2.01,1233,43.34
66136,COM,2018,55-64,F,85657.35,6731.55,92388.9,7.29,1269,51.21
66136,COM,2018,55-64,F,109255.09,10947.88,120202.97,9.11,1281,44.48
66136,COM,2018,55-64,F,94219.25,6970.32,101189.57,6.89,1247,48.65
66136,COM,2018,55-64,F,97620.75,8022.98,105643.73,7.59,1266,50.14
66136,COM,2018,55-64,F,106374.49,3099.03,109473.52,2.83,1246,45.91
66136,COM,2018,55-64,F,123312.41,11400.0,134712.41,8.46,1219,51.61
66136,COM,2018,55-64,F,98644.39,3620.44,102264.83,3.54,1252,45.06
66136,COM,2018,55-64,F,91748.27,6059.05,97807.32,6.19,1242,46.59
66136,COM,2018,55-64,F,75435.93,3063.3,78499.22,3.9,1242,48.91
66136,COM,2018,55-64,F,86307.04,8705.29,95012.33,9.16,1217,51.45
66136,COM,2018,55-64,F,100802.84,5624.95,106427.8,5.29,1233,45.77
66136,COM,2018,55-64,F,77093.52,8007.44,85100.96,9.41,1285,51.53
66136,COM,2018,55-64,M,103331.18,4455.23,107786.42,4.13,1263,46.67
66136,COM,2018,55-64,M,104840.78,8607.83,113448.61,7.59,1276,44.38
66136,COM,2018,55-64,M,99831.59,3769.32,103600.91,3.64,1232,42.08
66136,COM,2018,55-64,M,103857.07,8434.58,112291.66,7.51,1250,42.9
66136,COM,2018,55-64,M,89336.92,716.62,90053.54,0.8,1224,49.15
66136,COM,2018,55-64,M,102193.72,8817.05,111010.77,7.94,1206,48.61
66136,COM,2018,55-64,M,97547.99,6320.28,103868.27,6.08,1275,49.07
66136,COM,2018,55-64,M,83446.16,6574.6,90020.77,7.3,1248,51.77
66136,COM,2018,55-64,M,111096.25,9417.52,120513.77,7.81,1248,44.37
66136,COM,2018,55-64,M,112544.86,6199.84,118744.7,5.22,1285,47.67
66136,COM,2018,55-64,M,96622.8,9194.62,105817.42,8.69,1235,48.06
66136,COM,2018,55-64,M,110168.89,961.33,111130.22,0.87,1259,49.81
66136,COM,2018,55-64,M,113269.1,12337.48,125606.59,9.82,1281,43.45
66136,COM,2018,55-64,M,109799.25,5281.11,115080.35,4.59,1275,51.11
66136,COM,2018,55-64,M,108027.6,9525.79,117553.39,8.1,1235,45.69
66136,COM,2018,55-64,M,83414.43,8205.4,91619.83,8.96,1264,51.47
66136,COM,2018,55-64,M,109805.68,6345.6,116151.28,5.46,1261,49.62
66136,COM,2018,55-64,M,116861.69,8902.95,125764.64,7.08,1241,48.33
66136,COM,2018,55-64,M,99547.43,8447.84,107995.26,7.82,1270,49.68
66136,COM,2018,55-64,M,115899.05,3436.19,119335.24,2.88,1255,51.35
66136,COM,2018,55-64,M,111696.33,9710.46,121406.79,8.0,1254,44.16
66136,COM,2018,55-64,M,127969.38,2593.67,130563.05,1.99,1241,46.15
66136,COM,2018,55-64,M,118479.77,12960.52,131440.29,9.86,1239,43.14
66136,COM,2018,55-64,M,73212.0,1394.2,74606.2,1.87,1298,42.03
66136,COM,2018,55-64,M,86854.23,9128.73,95982.95,9.51,1222,44.91
66136,COM,2018,55-64,M,80809.44,4829.64,85639.08,5.64,1275,43.86
66136,COM,2018,55-64,M,104860.86,2063.08,106923.94,1.93,1213,46.49
66136,COM,2018,55-64,M,95947.6,7294.05,103241.65,7.07,1200,46.4
66136,COM,2018,55-64,M,106382.35,4487.86,110870.21,4.05,1249,43.06
66136,COM,2018,55-64,M,106619.61,3623.53,110243.14,3.29,1277,49.85
66136,COM,2018,55-64,M,84363.08,6914.26,91277.33,7.57,1256,49.96
66136,COM,2018,55-64,M,118396.33,2096.32,120492.66,1.74,1248,43.33
66136,COM,2019,15-24,F,61215.76,3351.74,64567.49,5.19,1058,53.11
66136,COM,2019,15-24,F,61074.94,461.82,61536.76,0.75,1082,53.78
66136,COM,2019,15-24,F,50506.39,911.72,51418.11,1.77,1096,50.21
66136,COM,2019,15-24,F,35019.41,1640.46,36659.87,4.47,1128,48.58
66136,COM,2019,15-24,F,49255.3,602.78,49858.08,1.21,1077,49.03
66136,COM,2019,15-24,F,44669.3,2534.25,47203.55,5.37,1109,49.56
66136,COM,2019,15-24,F,53212.3,746.68,53958.98,1.38,1117,53.19
66136,COM,2019,15-24,F,59451.56,5352.27,64803.83,8.26,1149,50.02
66136,COM,2019,15-24,F,48303.04,5164.27,53467.32,9.66,1086,47.16
66136,COM,2019,15-24,F,55842.35,3661.73,59504.08,6.15,1073,53.25
66136,COM,2019,15-24,F,53310.66,1443.57,54754.23,2.64,1117,51.82
66136,COM,2019,15-24,F,50249.96,2831.62,53081.57,5.33,1085,55.72
66136,COM,2019,15-24,F,55993.84,1864.15,57857.99,3.22,1122,55.97
66136,COM,2019,15-24,F,52002.4,1674.56,53676.96,3.12,1084,46.17
66136,COM,2019,15-24,F,58029.58,2727.1,60756.68,4.49,1136,50.17
66136,COM,2019,15-24,F,56321.23,936.65,57257.88,1.64,1133,53.01
66136,COM,2019,15-24,F,48317.13,2394.48,50711.61,4.72,1150,46.68
66136,COM,2019,15-24,M,39023.64,1045.82,40069.46,2.61,1100,48.69
66136,COM,2019,15-24,M,55903.13,3504.41,59407.55,5.9,1125,51.09
66136,COM,2019,15-24,M,43546.9,485.26,44032.16,1.1,1093,48.02
66136,COM,2019,15-24,M,61754.81,1882.09,63636.9,2.96,1115,48.87
66136,COM,2019,15-24,M,53225.31,1681.59,54906.9,3.06,1051,47.23
66136,COM,2019,15-24,M,57346.95,2153.7,59500.65,3.62,1114,49.66
66136,COM,2019,15-24,M,52902.24,3963.09,56865.33,6.97,1088,52.19
66136,COM,2019,15-24,M,46331.79,1676.32,48008.11,3.49,1077,52.82
66136,COM,2019,15-24,M,42984.21,3931.16,46915.37,8.38,1068,54.73
66136,COM,2019,15-24,M,56081.06,4353.11,60434.18,7.2,1082,51.26
66136,COM,2019,15-24,M,48388.09,3438.88,51826.97,6.64,1141,46.07
66136,COM,2019,15-24,M,55484.35,3359.78,58844.13,5.71,1149,54.47
66136,COM,2019,15-24,M,56593.82,5281.4,61875.23,8.54,1054,50.19
66136,COM,2019,15-24,M,48156.13,3589.4,51745.53,6.94,1115,48.05
66136,COM,2019,15-24,M,55115.39,4079.91,59195.3,6.89,1131,49.72
66136,COM,2019,15-24,M,47808.05,3717.55,51525.6,7.21,1087,46.95
66136,COM,2019,15-24,M,45479.86,2856.74,48336.6,5.91,1136,55.28
66136,COM,2019,15-24,M,48174.62,5079.79,53254.41,9.54,1150,51.1
66136,COM,2019,15-24,M,44633.62,1163.06,45796.68,2.54,1122,54.96
66136,COM,2019,15-24,M,58189.18,5479.17,63668.36,8.61,1092,50.58
66136,COM,2019,15-24,M,53445.43,375.24,53820.67,0.7,1050,54.21
66136,COM,2019,15-24,M,27442.76,891.86,28334.62,3.15,1077,48.63
66136,COM,2019,15-24,M,38611.6,1158.44,39770.04,2.91,1115,47.26
66136,COM,2019,25-39,F,134763.86,2551.91,137315.77,1.86,1123,54.37
66136,COM,2019,25-39,F,109272.05,6473.55,115745.6,5.59,1082,50.11
66136,COM,2019,25-39,F,115709.66,4669.37,120379.03,3.88,1108,48.97
66136,COM,2019,25-39,F,134153.72,704.26,134857.98,0.52,1100,48.72
66136,COM,2019,25-39,F,180779.67,18907.51,199687.18,9.47,1096,46.44
66136,COM,2019,25-39,F,118383.9,1980.46,120364.36,1.65,1147,54.85
66136,COM,2019,25-39,F,146643.24,13551.42,160194.66,8.46,1103,52.08
66136,COM,2019,25-39,F,184596.26,9102.35,193698.61,4.7,1129,51.2
66136,COM,2019,25-39,F,163490.87,12498.85,175989.72,7.1,1131,55.57
66136,COM,2019,25-39,F,119837.55,10777.71,130615.27,8.25,1088,54.47
66136,COM,2019,25-39,F,132089.42,6631.81,138721.22,4.78,1095,47.65
66136,COM,2019,25-39,F,168240.83,1502.75,169743.59,0.89,1133,52.87
66136,COM,2019,25-39,F,174981.8,11675.22,186657.02,6.25,1083,54.42
66136,COM,2019,25-39,F,228657.25,12224.05,240881.3,5.07,1116,49.92
66136,COM,2019,25-39,F,167626.29,14900.76,182527.04,8.16,1088,48.2
66136,COM,2019,25-39,F,147948.58,9200.73,157149.31,5.85,1122,53.07
66136,COM,2019,25-39,F,160095.52,17530.52,177626.04,9.87,1058,50.16
66136,COM,2019,25-39,F,179901.0,18697.95,198598.95,9.41,1118,54.64
66136,COM,2019,25-39,F,148434.49,7697.04,156131.53,4.93,1138,53.02
66136,COM,2019,25-39,F,164546.01,16207.04,180753.06,8.97,1080,49.23
66136,COM,2019,25-39,F,175241.8,2339.29,177581.09,1.32,1132,54.32
66136,COM,2019,25-39,F,178789.17,8084.19,186873.36,4.33,1136,51.69
66136,COM,2019,25-39,F,140928.24,2589.56,143517.81,1.8,1139,46.84
66136,COM,2019,25-39,F,129777.74,14078.03,143855.77,9.79,1078,53.37
66136,COM,2019,25-39,F,141447.78,9499.44,150947.23,6.29,1092,46.87
66136,COM,2019,25-39,F,123282.03,6731.37,130013.4,5.18,1089,53.7
66136,COM,2019,25-39,F,127368.29,3629.47,130997.77,2.77,1150,50.35
66136,COM,2019,25-39,F,141884.53,14280.23,156164.76,9.14,1139,51.82
66136,COM,2019,25-39,M,192439.18,7923.3,200362.48,3.95,1107,55.62
66136,COM,2019,25-39,M,157760.3,9259.37,167019.67,5.54,1139,55.86
66136,COM,2019,25-39,M,151332.41,7878.06,159210.47,4.95,1098,46.37
66136,COM,2019,25-39,M,144996.12,8490.55,153486.67,5.53,1091,51.77
66136,COM,2019,25-39,M,132035.12,5886.74,137921.86,4.27,1073,55.37
66136,COM,2019,25-39,M,168770.23,7225.1,175995.33,4.11,1063,54.65
66136,COM,2019,25-39,M,161886.82,10679.58,172566.4,6.19,1117,54.77
66136,COM,2019,25-39,M,125279.19,7869.95,133149.14,5.91,1060,50.59
66136,COM,2019,25-39,M,94007.35,4492.8,98500.15,4.56,1055,54.0
66136,COM,2019,25-39,M,180289.01,7588.5,187877.51,4.04,1108,53.07
66136,COM,2019,25-39,M,174973.42,4341.97,179315.39,2.42,1108,47.85
66136,COM,2019,25-39,M,188805.67,5351.05,194156.72,2.76,1064,50.66
66136,COM,2019,25-39,M,131227.73,5968.86,137196.59,4.35,1132,51.23
66136,COM,2019,25-39,M,179261.12,13736.27,192997.39,7.12,1092,46.69
66136,COM,2019,25-39,M,193949.32,5970.89,199920.21,2.99,1098,50.45
66136,COM,2019,25-39,M,162096.67,3692.57,165789.24,2.23,1113,54.28
66136,COM,2019,40-54,F,212944.68,8439.9,221384.59,3.81,1120,47.74
66136,COM,2019,40-54,F,212093.58,10860.38,222953.96,4.87,1129,47.52
66136,COM,2019,40-54,F,247913.38,24532.27,272445.66,9.0,1067,50.47
66136,COM,2019,40-54,F,208809.98,4766.38,213576.36,2.23,1088,49.22
66136,COM,2019,40-54,F,185792.34,16937.22,202729.56,8.35,1123,49.43
66136,COM,2019,40-54,F,276160.73,12379.91,288540.64,4.29,1122,53.44
66136,COM,2019,40-54,F,205573.02,4751.99,210325.02,2.26,1107,46.98
66136,COM,2019,40-54,F,146981.08,5292.2,152273.28,3.48,1064,50.88
66136,COM,2019,40-54,F,193866.35,10956.18,204822.53,5.35,1110,55.26
66136,COM,2019,40-54,F,190468.55,17026.36,207494.91,8.21,1117,49.88
66136,COM,2019,40-54,F,240943.96,5256.5,246200.47,2.14,1069,48.97
66136,COM,2019,40-54,F,226821.49,2238.0,229059.48,0.98,1106,48.86
66136,COM,2019,40-54,F,210869.55,19263.61,230133.17,8.37,1092,55.78
66136,COM,2019,40-54,F,167643.89,5468.59,173112.48,3.16,1051,55.26
66136,COM,2019,40-54,F,183208.04,10407.29,193615.33,5.38,1112,46.51
66136,COM,2019,40-54,F,188995.17,9406.62,198401.79,4.74,1115,49.3
66136,COM,2019,40-54,F,159625.05,17302.73,176927.78,9.78,1124,51.32
66136,COM,2019,40-54,F,259784.98,2846.24,262631.22,1.08,1136,50.15
66136,COM,2019,40-54,F,177310.3,18452.4,195762.7,9.43,1139,50.7
66136,COM,2019,40-54,F,199541.22,13440.51,212981.73,6.31,1103,55.13
66136,COM,2019,40-54,F,202137.61,5253.1,207390.71,2.53,1109,46.15
66136,COM,2019,40-54,F,211873.97,10244.04,222118.0,4.61,1098,55.87
66136,COM,2019,40-54,F,186029.14,14880.74,200909.89,7.41,1133,54.52
66136,COM,2019,40-54,M,238652.19,3667.86,242320.05,1.51,1118,54.31
66136,COM,2019,40-54,M,218844.2,22097.01,240941.21,9.17,1103,47.76
66136,COM,2019,40-54,M,222767.86,6448.03,229215.89,2.81,1124,49.8
66136,COM,2019,40-54,M,228117.74,15898.39,244016.13,6.52,1089,54.14
66136,COM,2019,40-54,M,209113.41,22736.72,231850.13,9.81,1052,46.26
66136,COM,2019,40-54,M,167922.48,15650.52,183573.0,8.53,1119,46.65
66136,COM,2019,40-54,M,227592.43,10326.33,237918.76,4.34,1064,53.5
66136,COM,2019,40-54,M,235193.74,25692.39,260886.13,9.85,1126,52.07
66136,COM,2019,40-54,M,249933.21,10029.02,259962.23,3.86,1096,54.7
66136,COM,2019,40-54,M,281478.4,26899.78,308378.17,8.72,1127,50.56
66136,COM,2019,40-54,M,127243.57,12163.69,139407.26,8.73,1148,50.58
66136,COM,2019,40-54,M,208070.72,18545.12,226615.84,8.18,1144,49.1
66136,COM,2019,40-54,M,221909.81,3821.0,225730.81,1.69,1091,51.24
66136,COM,2019,40-54,M,196654.74,4119.86,200774.6,2.05,1132,53.42
66136,COM,2019,40-54,M,175132.17,9231.32,184363.49,5.01,1100,46.62
66136,COM,2019,40-54,M,219418.02,7147.53,226565.56,3.15,1114,54.87
66136,COM,2019,40-54,M,144219.9,1999.69,146219.59,1.37,1112,52.1
66136,COM,2019,40-54,M,173366.91,5090.5,178457.41,2.85,1141,52.9
66136,COM,2019,55-64,F,122845.45,8134.64,130980.09,6.21,1073,52.51
66136,COM,2019,55-64,F,99826.25,3253.0,103079.25,3.16,1055,49.7
66136,COM,2019,55-64,F,96738.15,2291.2,99029.34,2.31,1082,49.17
66136,COM,2019,55-64,F,101481.19,2278.75,103759.94,2.2,1146,51.57
66136,COM,2019,55-64,F,98215.03,7352.05,105567.08,6.96,1131,50.8
66136,COM,2019,55-64,F,101106.55,8755.62,109862.17,7.97,1113,49.4
66136,COM,2019,55-64,F,106353.99,9417.09,115771.08,8.13,1095,49.2
66136,COM,2019,55-64,F,96697.08,2340.18,99037.26,2.36,1084,50.47
66136,COM,2019,55-64,F,117487.09,11597.41,129084.5,8.98,1068,49.12
66136,COM,2019,55-64,F,87025.74,4159.19,91184.93,4.56,1125,53.59
66136,COM,2019,55-64,F,101382.69,4181.79,105564.49,3.96,1064,54.79
66136,COM,2019,55-64,F,99095.67,2783.59,101879.26,2.73,1108,51.01
66136,COM,2019,55-64,F,93435.88,8908.68,102344.55,8.7,1136,55.25
66136,COM,2019,55-64,F,113984.35,4386.91,118371.27,3.71,1108,54.45
66136,COM,2019,55-64,F,108333.83,3245.91,111579.74,2.91,1130,54.9
66136,COM,2019,55-64,F,134800.61,8104.55,142905.16,5.67,1127,46.48
66136,COM,2019,55-64,F,73359.82,6464.09,79823.92,8.1,1071,48.18
66136,COM,2019,55-64,F,128249.14,6886.69,135135.83,5.1,1072,51.89
66136,COM,2019,55-64,F,105042.17,3174.89,108217.07,2.93,1148,55.03
66136,COM,2019,55-64,F,127098.02,1937.22,129035.24,1.5,1063,52.71
66136,COM,2019,55-64,F,127849.71,10313.95,138163.66,7.47,1088,54.67
66136,COM,2019,55-64,M,107523.95,10663.52,118187.47,9.02,1073,50.05
66136,COM,2019,55-64,M,74601.01,1002.34,75603.35,1.33,1123,46.86
66136,COM,2019,55-64,M,107515.5,8573.5,116089.0,7.39,1088,49.15
66136,COM,2019,55-64,M,95873.14,10454.26,106327.4,9.83,1112,55.45
66136,COM,2019,55-64,M,107622.85,6249.06,113871.91,5.49,1084,53.58
66136,COM,2019,55-64,M,107589.87,5884.95,113474.82,5.19,1077,48.0
66136,COM,2019,55-64,M,106482.89,5595.48,112078.37,4.99,1070,46.96
66136,COM,2019,55-64,M,91696.18,3526.73,95222.91,3.7,1081,48.74
66136,COM,2019,55-64,M,95398.29,2676.56,98074.85,2.73,1141,55.74
66136,COM,2019,55-64,M,89077.65,5506.3,94583.95,5.82,1120,49.93
66136,COM,2019,55-64,M,70958.27,1834.47,72792.74,2.52,1148,53.63
66136,COM,2019,55-64,M,97985.37,3584.64,101570.01,3.53,1097,46.12
66136,COM,2019,55-64,M,74664.12,6255.35,80919.47,7.73,1145,51.01
66136,COM,2019,55-64,M,93414.91,6308.79,99723.7,6.33,1090,48.42
66136,COM,2019,55-64,M,89190.4,2148.53,91338.94,2.35,1141,49.91
66136,COM,2019,55-64,M,112809.64,11922.64,124732.28,9.56,1062,47.54
66136,COM,2019,55-64,M,86170.76,6779.5,92950.26,7.29,1124,52.13
66136,COM,2020,15-24,F,54857.66,1109.37,55967.03,1.98,1222,49.0
66136,COM,2020,15-24,F,46848.6,1885.48,48734.08,3.87,1169,56.53
66136,COM,2020,15-24,F,49482.33,5103.86,54586.2,9.35,1150,48.87
66136,COM,2020,15-24,F,52864.52,3410.77,56275.29,6.06,1218,53.58
66136,COM,2020,15-24,F,52108.94,2081.12,54190.06,3.84,1173,49.66
66136,COM,2020,15-24,F,50850.5,3553.75,54404.25,6.53,1186,50.01
66136,COM,2020,15-24,F,44490.56,4176.01,48666.57,8.58,1172,53.23
66136,COM,2020,15-24,F,42836.58,2104.63,44941.21,4.68,1209,57.68
66136,COM,2020,15-24,F,53848.14,4387.8,58235.94,7.53,1176,48.06
66136,COM,2020,15-24,F,51294.46,3292.11,54586.56,6.03,1148,50.39
66136,COM,2020,15-24,F,40144.5,2978.19,43122.68,6.91,1220,57.81
66136,COM,2020,15-24,F,49590.4,1177.08,50767.48,2.32,1151,54.21
66136,COM,2020,15-24,F,45393.23,3923.75,49316.98,7.96,1146,54.32
66136,COM,2020,15-24,F,57940.58,4403.62,62344.2,7.06,1228,54.49
66136,COM,2020,15-24,F,42080.56,2727.41,44807.97,6.09,1155,53.97
66136,COM,2020,15-24,F,52384.31,3711.96,56096.27,6.62,1232,53.0
66136,COM,2020,15-24,M,50142.5,3308.18,53450.68,6.19,1225,56.8
66136,COM,2020,15-24,M,45880.6,2371.29,48251.89,4.91,1240,51.99
66136,COM,2020,15-24,M,56495.53,1946.48,58442.01,3.33,1190,54.98
66136,COM,2020,15-24,M,52502.47,3492.76,55995.22,6.24,1154,55.97
66136,COM,2020,15-24,M,48275.9,1904.89,50180.79,3.8,1173,57.18
66136,COM,2020,15-24,M,55419.05,5647.46,61066.52,9.25,1142,49.85
66136,COM,2020,15-24,M,46370.86,4464.58,50835.43,8.78,1192,54.59
66136,COM,2020,15-24,M,49311.81,4604.05,53915.86,8.54,1176,51.46
66136,COM,2020,15-24,M,52636.61,4501.87,57138.48,7.88,1235,53.94
66136,COM,2020,15-24,M,45967.33,1247.25,47214.58,2.64,1143,48.53
66136,COM,2020,15-24,M,48029.12,1549.94,49579.06,3.13,1211,55.98
66136,COM,2020,15-24,M,51281.24,1083.85,52365.09,2.07,1202,49.39
66136,COM,2020,15-24,M,50140.85,706.72,50847.58,1.39,1191,56.64
66136,COM,2020,15-24,M,53928.28,898.93,54827.21,1.64,1198,55.75
66136,COM,2020,15-24,M,57946.1,570.64,58516.75,0.98,1191,48.14
66136,COM,2020,15-24,M,52730.5,4368.08,57098.58,7.65,1232,56.21
66136,COM,2020,15-24,M,56497.4,3850.45,60347.85,6.38,1218,56.47
66136,COM,2020,15-24,M,58979.35,4385.02,63364.37,6.92,1153,50.78
66136,COM,2020,15-24,M,52868.2,1107.42,53975.62,2.05,1202,50.24
66136,COM,2020,15-24,M,35109.04,3375.71,38484.75,8.77,1169,50.8
66136,COM,2020,15-24,M,52032.78,4201.91,56234.7,7.47,1202,51.61
66136,COM,2020,15-24,M,51626.8,1485.81,53112.6,2.8,1236,49.97
66136,COM,2020,15-24,M,54375.82,3178.27,57554.1,5.52,1150,49.36
66136,COM,2020,15-24,M,59087.93,3112.84,62200.77,5.0,1150,54.96
66136,COM,2020,25-39,F,146001.03,5435.42,151436.45,3.59,1238,53.91
66136,COM,2020,25-39,F,136159.49,8204.74,144364.23,5.68,1240,54.26
66136,COM,2020,25-39,F,144803.97,9268.36,154072.33,6.02,1161,50.2
66136,COM,2020,25-39,F,144995.71,15157.46,160153.17,9.46,1219,56.57
66136,COM,2020,25-39,F,124193.43,3979.84,128173.27,3.11,1142,51.12
66136,COM,2020,25-39,F,131346.66,5575.37,136922.03,4.07,1217,52.39
66136,COM,2020,25-39,F,147260.68,3232.69,150493.37,2.15,1209,54.36
66136,COM,2020,25-39,F,132359.19,8945.86,141305.05,6.33,1162,54.21
66136,COM,2020,25-39,F,123373.36,1878.73,125252.09,1.5,1189,52.86
66136,COM,2020,25-39,F,151856.54,6843.8,158700.34,4.31,1226,57.29
66136,COM,2020,25-39,F,140038.69,14950.74,154989.43,9.65,1167,55.77
66136,COM,2020,25-39,F,165304.86,3270.62,168575.49,1.94,1196,52.63
66136,COM,2020,25-39,F,180400.56,9257.37,189657.92,4.88,1177,53.93
66136,COM,2020,25-39,F,148186.51,5233.78,153420.29,3.41,1196,55.15
66136,COM,2020,25-39,F,125512.81,1588.67,127101.48,1.25,1167,50.61
66136,COM,2020,25-39,F,155159.57,5188.02,160347.58,3.24,1154,57.5
66136,COM,2020,25-39,F,156802.0,909.3,157711.31,0.58,1195,56.45
66136,COM,2020,25-39,F,110653.21,9718.19,120371.4,8.07,1197,51.41
66136,COM,2020,25-39,F,163688.22,16339.8,180028.03,9.08,1240,52.51
66136,COM,2020,25-39,F,124945.82,6786.34,131732.16,5.15,1235,48.24
66136,COM,2020,25-39,F,116712.5,9247.34,125959.84,7.34,1234,49.33
66136,COM,2020,25-39,F,146522.87,8187.8,154710.67,5.29,1197,49.47
66136,COM,2020,25-39,F,120408.73,5564.86,125973.59,4.42,1202,53.76
66136,COM,2020,25-39,F,151344.78,11775.93,163120.7,7.22,1227,54.81
66136,COM,2020,25-39,F,171364.27,4316.13,175680.4,2.46,1239,48.54
66136,COM,2020,25-39,F,158170.1,12309.57,170479.67,7.22,1224,54.17
66136,COM,2020,25-39,F,131227.96,4928.4,136156.36,3.62,1150,54.23
66136,COM,2020,25-39,F,138257.1,1831.21,140088.3,1.31,1215,53.07
66136,COM,2020,25-39,F,150640.3,1351.01,151991.3,0.89,1145,53.53
66136,COM,2020,25-39,F,122321.89,10007.59,132329.48,7.56,1221,51.77
66136,COM,2020,25-39,F,155929.89,15290.93,171220.83,8.93,1140,55.85
66136,COM,2020,25-39,F,149874.89,9958.98,159833.87,6.23,1212,50.72
66136,COM,2020,25-39,F,105766.6,2408.8,108175.4,2.23,1171,54.52
66136,COM,2020,25-39,M,173233.51,2172.37,175405.87,1.24,1180,50.6
66136,COM,2020,25-39,M,160451.62,16574.83,177026.45,9.36,1214,57.38
66136,COM,2020,25-39,M,160777.05,6263.65,167040.7,3.75,1177,53.36
66136,COM,2020,25-39,M,207900.6,2391.5,210292.09,1.14,1226,52.27
66136,COM,2020,25-39,M,161747.71,13962.67,175710.37,7.95,1142,48.41
66136,COM,2020,25-39,M,135343.09,13030.05,148373.14,8.78,1158,57.76
66136,COM,2020,25-39,M,161312.77,9020.92,170333.69,5.3,1189,56.67
66136,COM,2020,25-39,M,158905.58,9017.19,167922.77,5.37,1176,56.54
66136,COM,2020,25-39,M,125911.63,5138.88,131050.51,3.92,1224,51.46
66136,COM,2020,25-39,M,150703.5,15527.02,166230.52,9.34,1181,53.4
66136,COM,2020,25-39,M,183279.28,10276.92,193556.2,5.31,1226,52.07
66136,COM,2020,25-39,M,164768.04,8693.98,173462.02,5.01,1189,50.69
66136,COM,2020,25-39,M,107074.33,1057.88,108132.21,0.98,1191,48.27
66136,COM,2020,25-39,M,157661.43,1480.5,159141.93,0.93,1226,55.38
66136,COM,2020,25-39,M,130175.96,9478.98,139654.94,6.79,1217,52.42
66136,COM,2020,25-39,M,134098.58,13975.79,148074.38,9.44,1140,51.23
66136,COM,2020,25-39,M,155929.8,12737.01,168666.81,7.55,1179,50.55
66136,COM,2020,25-39,M,155466.09,7721.73,163187.82,4.73,1235,54.91
66136,COM,2020,25-39,M,159049.33,9077.02,168126.35,5.4,1216,56.97
66136,COM,2020,25-39,M,120279.18,7646.34,127925.52,5.98,1156,50.42
66136,COM,2020,25-39,M,137469.1,9617.25,147086.35,6.54,1141,48.1
66136,COM,2020,25-39,M,135149.28,3000.95,138150.23,2.17,1229,52.44
66136,COM,2020,40-54,F,160343.69,14189.23,174532.92,8.13,1208,54.32
66136,COM,2020,40-54,F,205505.35,1985.48,207490.83,0.96,1232,49.4
66136,COM,2020,40-54,F,218983.46,21636.5,240619.95,8.99,1175,57.98
66136,COM,2020,40-54,F,242280.42,20492.61,262773.03,7.8,1164,51.36
66136,COM,2020,40-54,F,186231.29,8106.57,194337.86,4.17,1144,55.81
66136,COM,2020,40-54,F,185362.66,13447.23,198809.88,6.76,1198,52.5
66136,COM,2020,40-54,F,191908.44,16151.74,208060.19,7.76,1143,56.07
66136,COM,2020,40-54,F,237295.5,14126.72,251422.22,5.62,1170,55.08
66136,COM,2020,40-54,F,192887.69,16654.13,209541.82,7.95,1157,56.25
66136,COM,2020,40-54,F,196876.28,12026.78,208903.06,5.76,1164,51.57
66136,COM,2020,40-54,F,164710.9,15433.32,180144.22,8.57,1193,53.66
66136,COM,2020,40-54,F,137476.61,12725.44,150202.05,8.47,1140,55.96
66136,COM,2020,40-54,F,198074.35,14240.24,212314.6,6.71,1195,51.18
66136,COM,2020,40-54,F,178803.18,12754.36,191557.55,6.66,1159,53.51
66136,COM,2020,40-54,F,173075.25,14913.21,187988.46,7.93,1174,51.25
66136,COM,2020,40-54,F,148098.99,2579.49,150678.48,1.71,1204,51.54
66136,COM,2020,40-54,F,189826.33,20123.18,209949.52,9.58,1146,48.26
66136,COM,2020,40-54,F,157917.72,14985.44,172903.16,8.67,1140,52.75
66136,COM,2020,40-54,M,228423.19,12540.17,240963.36,5.2,1186,49.73
66136,COM,2020,40-54,M,223690.18,8345.41,232035.6,3.6,1175,48.17
66136,COM,2020,40-54,M,185407.02,6784.89,192191.91,3.53,1165,54.82
66136,COM,2020,40-54,M,175453.38,5960.35,181413.73,3.29,1164,53.54
66136,COM,2020,40-54,M,151173.73,2443.98,153617.71,1.59,1229,55.68
66136,COM,2020,40-54,M,194372.64,5944.74,200317.38,2.97,1144,48.49
66136,COM,2020,40-54,M,203446.07,8550.59,211996.66,4.03,1162,56.22
66136,COM,2020,40-54,M,210315.34,6398.8,216714.15,2.95,1200,51.09
66136,COM,2020,40-54,M,195434.0,19197.57,214631.57,8.94,1232,50.55
66136,COM,2020,40-54,M,226911.99,17692.94,244604.93,7.23,1230,51.79
66136,COM,2020,40-54,M,244308.03,4583.65,248891.68,1.84,1177,56.55
66136,COM,2020,40-54,M,178329.12,16871.85,195200.96,8.64,1209,52.41
66136,COM,2020,40-54,M,156271.77,3976.71,160248.48,2.48,1176,55.6
66136,COM,2020,40-54,M,225873.0,19667.67,245540.67,8.01,1159,54.73
66136,COM,2020,40-54,M,200745.73,18854.75,219600.47,8.59,1223,53.66
66136,COM,2020,40-54,M,228898.9,21820.36,250719.26,8.7,1237,55.76
66136,COM,2020,55-64,F,98392.08,4764.22,103156.3,4.62,1197,48.78
66136,COM,2020,55-64,F,99907.01,3755.85,103662.86,3.62,1182,50.4
66136,COM,2020,55-64,F,115735.14,4545.81,120280.95,3.78,1233,51.63
66136,COM,2020,55-64,F,93979.3,9698.28,103677.58,9.35,1232,55.89
66136,COM,2020,55-64,F,85171.13,7535.92,92707.05,8.13,1174,53.81
66136,COM,2020,55-64,F,122819.95,8435.82,131255.77,6.43,1177,52.26
66136,COM,2020,55-64,F,119319.74,2982.13,122301.87,2.44,1149,55.42
66136,COM,2020,55-64,F,87738.62,4309.6,92048.22,4.68,1239,49.22
66136,COM,2020,55-64,F,98632.46,9007.73,107640.19,8.37,1231,53.25
66136,COM,2020,55-64,F,68982.18,3943.41,72925.59,5.41,1188,48.08
66136,COM,2020,55-64,F,93370.48,8833.19,102203.66,8.64,1192,48.76
66136,COM,2020,55-64,F,117298.58,9163.83,126462.41,7.25,1168,50.47
66136,COM,2020,55-64,F,74500.6,3465.43,77966.03,4.44,1235,50.43
66136,COM,2020,55-64,F,136741.9,4795.7,141537.6,3.39,1152,49.3
66136,COM,2020,55-64,F,109331.05,9174.56,118505.61,7.74,1171,49.33
66136,COM,2020,55-64,F,103284.89,4891.39,108176.28,4.52,1169,57.16
66136,COM,2020,55-64,F,104979.14,2699.17,107678.31,2.51,1184,57.76
66136,COM,2020,55-64,F,61939.17,5447.38,67386.56,8.08,1203,50.99
66136,COM,2020,55-64,F,88488.68,5414.66,93903.35,5.77,1216,48.94
66136,COM,2020,55-64,F,136439.24,9789.87,146229.11,6.69,1192,55.65
66136,COM,2020,55-64,F,88302.21,4065.55,92367.76,4.4,1162,54.2
66136,COM,2020,55-64,F,85957.76,5694.49,91652.25,6.21,1185,55.42
66136,COM,2020,55-64,F,69023.75,5598.75,74622.5,7.5,1200,52.75
66136,COM,2020,55-64,F,77043.08,2586.21,79629.29,3.25,1140,49.68
66136,COM,2020,55-64,F,104781.95,4726.52,109508.47,4.32,1156,52.69
66136,COM,2020,55-64,F,91846.11,1527.16,93373.27,1.64,1177,49.06
66136,COM,2020,55-64,M,107215.14,8341.79,115556.92,7.22,1231,51.74
66136,COM,2020,55-64,M,113824.52,10896.15,124720.67,8.74,1147,48.27
66136,COM,2020,55-64,M,97204.41,7572.92,104777.34,7.23,1161,55.09
66136,COM,2020,55-64,M,88474.53,2519.22,90993.75,2.77,1179,57.85
66136,COM,2020,55-64,M,126243.72,5469.88,131713.6,4.15,1184,57.71
66136,COM,2020,55-64,M,106091.28,6174.2,112265.48,5.5,1189,55.14
66136,COM,2020,55-64,M,110190.6,8996.24,119186.84,7.55,1208,55.59
66136,COM,2020,55-64,M,101319.53,8188.13,109507.66,7.48,1157,48.16
66136,COM,2020,55-64,M,105827.0,5780.95,111607.94,5.18,1141,54.64
66136,COM,2020,55-64,M,143811.29,14743.97,158555.26,9.3,1146,56.57
66136,COM,2021,15-24,F,54365.92,4360.79,58726.71,7.43,1322,50.06
66136,COM,2021,15-24,F,45100.03,4773.51,49873.54,9.57,1353,49.54
66136,COM,2021,15-24,F,52267.61,4355.61,56623.22,7.69,1372,46.47
66136,COM,2021,15-24,F,60606.88,375.61,60982.49,0.62,1325,49.43
66136,COM,2021,15-24,F,56282.73,6125.69,62408.42,9.82,1371,48.89
66136,COM,2021,15-24,F,49639.78,1323.68,50963.46,2.6,1291,51.73
66136,COM,2021,15-24,F,62875.74,2803.36,65679.1,4.27,1312,48.54
66136,COM,2021,15-24,F,50270.48,5057.81,55328.29,9.14,1357,52.69
66136,COM,2021,15-24,F,40489.73,1185.93,41675.66,2.85,1376,48.4
66136,COM,2021,15-24,F,47435.84,1235.76,48671.6,2.54,1308,50.48
66136,COM,2021,15-24,F,43650.41,3083.34,46733.75,6.6,1301,44.01
66136,COM,2021,15-24,F,46812.61,3151.59,49964.2,6.31,1332,44.69
66136,COM,2021,15-24,F,40298.69,256.18,40554.87,0.63,1352,52.63
66136,COM,2021,15-24,F,46755.49,868.1,47623.6,1.82,1371,48.08
66136,COM,2021,15-24,F,57080.05,1357.85,58437.9,2.32,1341,50.24
66136,COM,2021,15-24,F,47276.63,918.41,48195.03,1.91,1380,52.47
66136,COM,2021,15-24,F,34250.95,1914.14,36165.09,5.29,1336,45.44
66136,COM,2021,15-24,F,36589.51,2666.26,39255.77,6.79,1301,49.31
66136,COM,2021,15-24,M,42689.89,1590.23,44280.12,3.59,1309,47.66
66136,COM,2021,15-24,M,44611.67,3817.63,48429.3,7.88,1343,51.05
66136,COM,2021,15-24,M,42763.07,781.86,43544.94,1.8,1387,47.51
66136,COM,2021,15-24,M,46120.34,2457.46,48577.8,5.06,1346,49.81
66136,COM,2021,15-24,M,48500.45,3168.73,51669.18,6.13,1378,50.63
66136,COM,2021,15-24,M,48314.26,5164.03,53478.29,9.66,1344,48.16
66136,COM,2021,15-24,M,60257.43,1730.34,61987.77,2.79,1374,45.99
66136,COM,2021,15-24,M,42544.2,2574.29,45118.49,5.71,1352,48.99
66136,COM,2021,15-24,M,43923.11,1991.69,45914.79,4.34,1332,44.68
66136,COM,2021,15-24,M,55705.77,5551.87,61257.64,9.06,1343,47.98
66136,COM,2021,15-24,M,50256.14,1388.71,51644.85,2.69,1340,44.52
66136,COM,2021,15-24,M,33355.25,2037.57,35392.82,5.76,1324,47.49
66136,COM,2021,15-24,M,41760.87,1318.38,43079.25,3.06,1317,48.63
66136,COM,2021,15-24,M,45145.13,3679.08,48824.22,7.54,1329,49.94
66136,COM,2021,15-24,M,52765.5,5187.0,57952.5,8.95,1309,44.16
66136,COM,2021,15-24,M,47751.21,2593.47,50344.69,5.15,1384,48.03
66136,COM,2021,15-24,M,45948.1,2449.12,48397.22,5.06,1333,44.97
66136,COM,2021,15-24,M,46974.74,3052.52,50027.26,6.1,1359,50.15
66136,COM,2021,15-24,M,67277.29,4907.68,72184.97,6.8,1291,52.16
66136,COM,2021,15-24,M,50810.01,564.99,51374.99,1.1,1380,46.5
66136,COM,2021,15-24,M,54065.67,280.22,54345.89,0.52,1340,44.55
66136,COM,2021,15-24,M,37180.18,3031.24,40211.42,7.54,1352,50.54
66136,COM,2021,25-39,F,139060.11,1786.35,140846.46,1.27,1298,50.88
66136,COM,2021,25-39,F,168540.33,3981.96,172522.3,2.31,1291,53.94
66136,COM,2021,25-39,F,167300.19,17691.32,184991.51,9.56,1358,44.02
66136,COM,2021,25-39,F,185142.89,11229.69,196372.59,5.72,1294,51.94
66136,COM,2021,25-39,F,133815.3,9147.67,142962.97,6.4,1351,52.07
66136,COM,2021,25-39,F,186372.84,2904.43,189277.27,1.53,1357,53.51
66136,COM,2021,25-39,F,117073.37,1240.14,118313.5,1.05,1380,46.76
66136,COM,2021,25-39,F,134796.57,14552.98,149349.55,9.74,1296,46.04
66136,COM,2021,25-39,F,151844.9,11316.9,163161.8,6.94,1370,44.15
66136,COM,2021,25-39,F,148820.9,7981.59,156802.49,5.09,1372,50.58
66136,COM,2021,25-39,F,123724.96,3273.7,126998.66,2.58,1387,53.03
66136,COM,2021,25-39,F,115863.59,2543.64,118407.23,2.15,1354,50.11
66136,COM,2021,25-39,F,142510.64,2037.3,144547.94,1.41,1297,49.02
66136,COM,2021,25-39,F,153672.23,3514.92,157187.15,2.24,1347,44.06
66136,COM,2021,25-39,F,153443.01,4253.32,157696.33,2.7,1387,44.64
66136,COM,2021,25-39,F,147922.32,12010.76,159933.08,7.51,1305,45.69
66136,COM,2021,25-39,F,173853.32,15895.09,189748.42,8.38,1369,53.81
66136,COM,2021,25-39,F,92482.85,6459.22,98942.07,6.53,1317,52.3
66136,COM,2021,25-39,F,162851.54,5356.11,168207.65,3.18,1382,52.24
66136,COM,2021,25-39,F,135907.91,4143.46,140051.36,2.96,1341,45.15
66136,COM,2021,25-39,M,139436.83,3176.48,142613.31,2.23,1310,50.17
66136,COM,2021,25-39,M,169066.53,5952.32,175018.85,3.4,1355,50.92
66136,COM,2021,25-39,M,151705.6,7472.69,159178.29,4.69,1376,49.46
66136,COM,2021,25-39,M,155042.08,1884.8,156926.88,1.2,1388,50.95
66136,COM,2021,25-39,M,144693.15,8766.86,153460.01,5.71,1294,48.61
66136,COM,2021,25-39,M,113145.13,3303.17,116448.3,2.84,1293,52.51
66136,COM,2021,25-39,M,135163.2,1290.83,136454.03,0.95,1346,46.2
66136,COM,2021,25-39,M,149303.87,2931.23,152235.1,1.93,1341,46.43
66136,COM,2021,25-39,M,125108.07,5431.86,130539.92,4.16,1293,51.22
66136,COM,2021,25-39,M,152831.56,15882.57,168714.13,9.41,1365,46.33
66136,COM,2021,25-39,M,165934.82,11193.53,177128.36,6.32,1317,45.72
66136,COM,2021,25-39,M,142453.6,9266.64,151720.23,6.11,1387,47.84
66136,COM,2021,25-39,M,174534.77,17331.81,191866.58,9.03,1371,47.43
66136,COM,2021,25-39,M,104013.91,8999.99,113013.89,7.96,1321,51.98
66136,COM,2021,25-39,M,125198.43,3306.39,128504.82,2.57,1373,46.5
66136,COM,2021,25-39,M,157561.6,1287.09,158848.69,0.81,1294,47.12
66136,COM,2021,25-39,M,148762.92,8315.55,157078.47,5.29,1357,53.77
66136,COM,2021,25-39,M,140955.28,2941.41,143896.69,2.04,1349,45.63
66136,COM,2021,25-39,M,120957.25,3122.74,124079.99,2.52,1381,51.69
66136,COM,2021,25-39,M,145482.11,12710.32,158192.43,8.03,1295,48.14
66136,COM,2021,25-39,M,187103.99,5354.35,192458.35,2.78,1307,52.84
66136,COM,2021,25-39,M,141685.56,1566.92,143252.47,1.09,1305,48.5
66136,COM,2021,25-39,M,114433.11,4344.97,118778.07,3.66,1377,50.17
66136,COM,2021,25-39,M,148128.7,10914.61,159043.32,6.86,1317,50.76
66136,COM,2021,25-39,M,153182.41,3567.39,156749.8,2.28,1347,47.63
66136,COM,2021,40-54,F,176960.7,3832.78,180793.49,2.12,1328,44.13
66136,COM,2021,40-54,F,206869.36,5878.75,212748.1,2.76,1319,53.03
66136,COM,2021,40-54,F,222270.95,8070.87,230341.82,3.5,1331,47.92
66136,COM,2021,40-54,F,175140.26,17375.7,192515.96,9.03,1323,48.09
66136,COM,2021,40-54,F,209071.97,17611.77,226683.73,7.77,1293,50.68
66136,COM,2021,40-54,F,228916.37,6360.71,235277.08,2.7,1367,50.32
66136,COM,2021,40-54,F,182497.63,9375.82,191873.45,4.89,1373,52.03
66136,COM,2021,40-54,F,174609.3,5642.96,180252.26,3.13,1329,49.07
66136,COM,2021,40-54,F,223538.01,21448.5,244986.51,8.75,1355,44.77
66136,COM,2021,40-54,F,180140.53,18833.19,198973.73,9.47,1332,49.21
66136,COM,2021,40-54,F,151836.05,7366.01,159202.06,4.63,1362,48.38
66136,COM,2021,40-54,F,192123.31,15105.07,207228.38,7.29,1305,44.1
66136,COM,2021,40-54,F,233740.88,8280.85,242021.73,3.42,1342,51.97
66136,COM,2021,40-54,F,198776.17,16711.21,215487.38,7.76,1385,52.37
66136,COM,2021,40-54,F,175851.01,1751.03,177602.03,0.99,1327,49.12
66136,COM,2021,40-54,F,203588.01,3846.43,207434.44,1.85,1302,44.91
66136,COM,2021,40-54,F,232459.54,8137.38,240596.92,3.38,1340,52.86
66136,COM,2021,40-54,F,212845.59,12592.53,225438.12,5.59,1304,45.41
66136,COM,2021,40-54,F,192814.94,20368.96,213183.9,9.55,1303,50.96
66136,COM,2021,40-54,F,139776.29,3486.41,143262.71,2.43,1350,53.86
66136,COM,2021,40-54,F,154432.68,6715.84,161148.51,4.17,1325,51.57
66136,COM,2021,40-54,M,172984.01,3934.01,176918.03,2.22,1325,50.43
66136,COM,2021,40-54,M,148413.77,10184.65,158598.42,6.42,1355,45.07
66136,COM,2021,40-54,M,207997.42,12436.98,220434.4,5.64,1385,52.4
66136,COM,2021,40-54,M,159955.88,9687.93,169643.81,5.71,1322,46.38
66136,COM,2021,40-54,M,217053.23,7626.65,224679.88,3.39,1362,47.23
66136,COM,2021,40-54,M,126982.93,6526.61,133509.54,4.89,1389,47.5
66136,COM,2021,40-54,M,184141.5,10317.2,194458.7,5.31,1377,47.42
66136,COM,2021,40-54,M,192861.69,16998.77,209860.46,8.1,1388,53.52
66136,COM,2021,40-54,M,249929.51,18699.43,268628.94,6.96,1317,50.27
66136,COM,2021,40-54,M,225519.43,12664.39,238183.82,5.32,1368,49.58
66136,COM,2021,40-54,M,193633.73,6639.87,200273.6,3.32,1350,46.46
66136,COM,2021,40-54,M,188363.02,20401.08,208764.1,9.77,1389,52.86
66136,COM,2021,40-54,M,200572.84,3971.99,204544.83,1.94,1316,49.94
66136,COM,2021,40-54,M,214903.27,13846.59,228749.86,6.05,1346,47.78
66136,COM,2021,40-54,M,178337.96,17403.57,195741.53,8.89,1340,44.0
66136,COM,2021,40-54,M,164591.49,8629.03,173220.52,4.98,1312,47.15
66136,COM,2021,40-54,M,196137.94,19905.36,216043.3,9.21,1308,49.69
66136,COM,2021,40-54,M,198751.75,13550.04,212301.78,6.38,1309,45.86
66136,COM,2021,40-54,M,165438.15,9397.97,174836.12,5.38,1373,51.8
66136,COM,2021,40-54,M,181911.05,15541.13,197452.19,7.87,1291,53.0
66136,COM,2021,55-64,F,131385.81,11455.91,142841.72,8.02,1346,45.13
66136,COM,2021,55-64,F,103890.84,11539.99,115430.83,10.0,1292,49.55
66136,COM,2021,55-64,F,114577.34,10096.9,124674.24,8.1,1370,48.85
66136,COM,2021,55-64,F,104466.4,2174.55,106640.95,2.04,1370,48.96
66136,COM,2021,55-64,F,72235.89,1484.15,73720.05,2.01,1353,44.48
66136,COM,2021,55-64,F,79819.47,5214.01,85033.48,6.13,1356,49.33
66136,COM,2021,55-64,F,79496.82,3306.95,82803.76,3.99,1381,48.82
66136,COM,2021,55-64,F,88698.73,770.52,89469.25,0.86,1376,51.16
66136,COM,2021,55-64,F,110870.86,3316.53,114187.39,2.9,1325,53.4
66136,COM,2021,55-64,F,70623.38,3881.08,74504.45,5.21,1350,47.37
66136,COM,2021,55-64,F,110727.44,6920.96,117648.4,5.88,1312,51.0
66136,COM,2021,55-64,F,115677.02,650.79,116327.81,0.56,1379,46.75
66136,COM,2021,55-64,F,92661.41,2525.85,95187.26,2.65,1351,47.52
66136,COM,2021,55-64,F,90674.48,5220.8,95895.27,5.44,1356,52.78
66136,COM,2021,55-64,F,106130.9,630.6,106761.5,0.59,1357,47.76
66136,COM,2021,55-64,M,111129.45,5203.95,116333.4,4.47,1345,52.77
66136,COM,2021,55-64,M,98446.36,10097.37,108543.73,9.3,1363,51.69
66136,COM,2021,55-64,M,86318.08,5723.5,92041.58,6.22,1340,44.41
66136,COM,2021,55-64,M,84087.6,5489.15,89576.75,6.13,1347,49.71
66136,COM,2021,55-64,M,116555.0,5039.25,121594.25,4.14,1318,44.22
66136,COM,2021,55-64,M,110989.6,4029.68,115019.28,3.5,1340,44.42
66136,COM,2021,55-64,M,96193.8,7747.36,103941.16,7.45,1389,48.24
66136,COM,2021,55-64,M,70952.22,674.55,71626.77,0.94,1371,53.06
66136,COM,2021,55-64,M,117429.01,6747.98,124176.99,5.43,1374,50.6
66136,COM,2021,55-64,M,66399.25,893.79,67293.04,1.33,1322,46.4
66136,COM,2021,55-64,M,81984.55,7713.39,89697.94,8.6,1390,49.43
66136,COM,2021,55-64,M,114212.9,10123.67,124336.57,8.14,1313,51.33
66136,COM,2021,55-64,M,102708.75,7909.57,110618.32,7.15,1352,44.89
66136,COM,2021,55-64,M,117887.61,5606.21,123493.82,4.54,1358,47.92
66136,COM,2021,55-64,M,104954.36,3142.25,108096.62,2.91,1380,49.21
66136,COM,2021,55-64,M,101288.4,10559.13,111847.53,9.44,1386,47.19
66136,COM,2021,55-64,M,96109.12,9103.11,105212.24,8.65,1337,47.23
66136,COM,2021,55-64,M,87504.16,4465.2,91969.36,4.86,1302,47.47
66136,COM,2021,55-64,M,89002.66,7766.52,96769.17,8.03,1322,52.38
66136,COM,2021,55-64,M,121757.21,737.17,122494.38,0.6,1302,53.76
66136,COM,2021,55-64,M,124930.16,9434.96,134365.12,7.02,1350,49.09
66136,COM,2021,55-64,M,96252.85,8770.97,105023.83,8.35,1342,44.62
66136,COM,2022,15-24,F,47059.19,4243.3,51302.49,8.27,1177,49.07
66136,COM,2022,15-24,F,50649.24,1037.42,51686.67,2.01,1260,49.14
66136,COM,2022,15-24,F,43643.57,1566.72,45210.29,3.47,1202,51.58
66136,COM,2022,15-24,F,48257.01,2891.13,51148.13,5.65,1246,54.19
66136,COM,2022,15-24,F,39965.95,3734.52,43700.47,8.55,1248,50.66
66136,COM,2022,15-24,F,54564.79,4847.35,59412.15,8.16,1268,58.79
66136,COM,2022,15-24,F,45729.62,3030.31,48759.94,6.21,1226,55.32
66136,COM,2022,15-24,F,53410.96,5728.77,59139.73,9.69,1257,53.3
66136,COM,2022,15-24,F,54917.01,5251.45,60168.46,8.73,1239,50.17
66136,COM,2022,15-24,F,53620.16,2740.42,56360.58,4.86,1261,50.79
66136,COM,2022,15-24,F,61670.37,4606.43,66276.8,6.95,1214,56.02
66136,COM,2022,15-24,F,38555.53,2808.05,41363.58,6.79,1253,57.22
66136,COM,2022,15-24,F,63864.57,5822.46,69687.03,8.36,1228,49.88
66136,COM,2022,15-24,F,49991.4,766.55,50757.95,1.51,1204,58.41
66136,COM,2022,15-24,F,34072.38,3195.53,37267.91,8.57,1208,49.64
66136,COM,2022,15-24,M,46167.92,2711.78,48879.7,5.55,1221,56.0
66136,COM,2022,15-24,M,43636.09,1104.49,44740.59,2.47,1239,55.72
66136,COM,2022,15-24,M,53756.88,5531.01,59287.89,9.33,1253,54.35
66136,COM,2022,15-24,M,50360.64,1010.18,51370.82,1.97,1274,52.21
66136,COM,2022,15-24,M,49346.68,3384.22,52730.9,6.42,1263,54.93
66136,COM,2022,15-24,M,57090.57,2907.26,59997.83,4.85,1230,51.66
66136,COM,2022,15-24,M,46965.01,3210.58,50175.59,6.4,1256,57.72
66136,COM,2022,15-24,M,47944.76,3255.16,51199.92,6.36,1269,54.41
66136,COM,2022,15-24,M,50477.66,3301.28,53778.95,6.14,1200,51.12
66136,COM,2022,15-24,M,50547.48,4695.25,55242.73,8.5,1195,49.93
66136,COM,2022,15-24,M,52229.82,1426.29,53656.11,2.66,1246,49.73
66136,COM,2022,15-24,M,37248.46,3386.11,40634.58,8.33,1227,51.97
66136,COM,2022,15-24,M,51608.38,431.6,52039.98,0.83,1209,51.68
66136,COM,2022,15-24,M,54583.58,2237.38,56820.96,3.94,1186,55.04
66136,COM,2022,15-24,M,57148.44,1949.58,59098.01,3.3,1181,49.44
66136,COM,2022,15-24,M,43561.63,649.0,44210.63,1.47,1239,50.3
66136,COM,2022,15-24,M,45337.8,3380.69,48718.48,6.94,1219,49.36
66136,COM,2022,15-24,M,47479.45,1081.21,48560.66,2.23,1181,49.18
66136,COM,2022,15-24,M,58532.8,5056.63,63589.43,7.95,1266,58.26
66136,COM,2022,15-24,M,48113.46,3131.62,51245.08,6.11,1190,49.78
66136,COM,2022,15-24,M,40326.76,750.14,41076.9,1.83,1189,57.24
66136,COM,2022,15-24,M,44155.28,1075.39,45230.68,2.38,1248,53.77
66136,COM,2022,15-24,M,42290.47,922.52,43212.99,2.13,1203,50.43
66136,COM,2022,15-24,M,48897.31,2413.93,51311.24,4.7,1233,50.97
66136,COM,2022,15-24,M,54679.62,3811.27,58490.89,6.52,1271,58.38
66136,COM,2022,15-24,M,49302.92,3045.4,52348.32,5.82,1246,58.29
66136,COM,2022,15-24,M,58838.85,811.43,59650.28,1.36,1257,55.11
66136,COM,2022,15-24,M,44597.99,3371.44,47969.43,7.03,1244,57.44
66136,COM,2022,25-39,F,134964.45,12145.55,147110.0,8.26,1190,57.35
66136,COM,2022,25-39,F,151477.11,4157.35,155634.45,2.67,1190,57.17
66136,COM,2022,25-39,F,154670.96,5076.16,159747.12,3.18,1242,55.93
66136,COM,2022,25-39,F,176534.19,10756.31,187290.5,5.74,1179,49.88
66136,COM,2022,25-39,F,168519.86,11644.43,180164.29,6.46,1246,55.94
66136,COM,2022,25-39,F,126498.87,12595.61,139094.48,9.06,1272,51.72
66136,COM,2022,25-39,F,148447.94,11762.53,160210.47,7.34,1260,50.37
66136,COM,2022,25-39,F,133489.77,12238.32,145728.09,8.4,1241,53.88
66136,COM,2022,25-39,F,115386.68,1278.12,116664.8,1.1,1224,53.67
66136,COM,2022,25-39,F,168226.4,16550.55,184776.95,8.96,1273,55.67
66136,COM,2022,25-39,F,184131.3,9605.9,193737.2,4.96,1195,58.81
66136,COM,2022,25-39,F,162895.38,14427.23,177322.6,8.14,1243,53.78
66136,COM,2022,25-39,F,194036.43,14014.05,208050.48,6.74,1192,52.32
66136,COM,2022,25-39,F,136274.48,1358.84,137633.33,0.99,1211,56.28
66136,COM,2022,25-39,F,158672.23,3363.97,162036.2,2.08,1198,52.63
66136,COM,2022,25-39,F,178837.33,11838.42,190675.75,6.21,1188,57.0
66136,COM,2022,25-39,F,130749.74,7660.62,138410.36,5.53,1217,54.66
66136,COM,2022,25-39,F,173938.67,8638.02,182576.69,4.73,1259,53.14
66136,COM,2022,25-39,F,132199.17,1570.05,133769.22,1.17,1201,55.79
66136,COM,2022,25-39,F,161404.74,14319.05,175723.79,8.15,1224,49.7
66136,COM,2022,25-39,M,151842.17,1208.72,153050.89,0.79,1226,49.39
66136,COM,2022,25-39,M,154322.03,12233.33,166555.36,7.34,1200,49.37
66136,COM,2022,25-39,M,139002.68,2314.41,141317.09,1.64,1191,52.43
66136,COM,2022,25-39,M,151091.74,6951.98,158043.72,4.4,1210,58.97
66136,COM,2022,25-39,M,131303.62,14120.65,145424.27,9.71,1178,49.05
66136,COM,2022,25-39,M,148926.49,11508.68,160435.18,7.17,1248,56.76
66136,COM,2022,25-39,M,132329.55,12832.25,145161.81,8.84,1197,53.36
66136,COM,2022,25-39,M,123418.64,9714.98,133133.61,7.3,1217,49.18
66136,COM,2022,25-39,M,167551.76,13928.75,181480.51,7.68,1207,55.08
66136,COM,2022,25-39,M,147166.37,1915.51,149081.88,1.28,1266,57.99
66136,COM,2022,25-39,M,165223.46,17942.97,183166.42,9.8,1177,50.19
66136,COM,2022,25-39,M,166589.05,2644.9,169233.95,1.56,1203,49.7
66136,COM,2022,25-39,M,186171.92,7356.63,193528.56,3.8,1227,58.75
66136,COM,2022,25-39,M,138824.01,8153.26,146977.27,5.55,1243,56.81
66136,COM,2022,25-39,M,133975.03,4965.08,138940.11,3.57,1261,54.57
66136,COM,2022,25-39,M,154626.67,1685.94,156312.61,1.08,1193,55.26
66136,COM,2022,25-39,M,172533.04,4805.97,177339.02,2.71,1262,49.39
66136,COM,2022,25-39,M,146050.86,13567.59,159618.45,8.5,1268,52.26
66136,COM,2022,40-54,F,187688.5,9849.32,197537.82,4.99,1275,58.72
66136,COM,2022,40-54,F,210293.27,12991.89,223285.17,5.82,1269,52.77
66136,COM,2022,40-54,F,251762.49,22723.2,274485.69,8.28,1249,55.83
66136,COM,2022,40-54,F,217590.92,14155.79,231746.71,6.11,1230,55.12
66136,COM,2022,40-54,F,222600.25,15588.93,238189.18,6.54,1275,50.6
66136,COM,2022,40-54,F,187315.64,4382.67,191698.32,2.29,1215,52.75
66136,COM,2022,40-54,F,183940.15,14976.62,198916.78,7.53,1200,58.66
66136,COM,2022,40-54,F,280626.03,18607.13,299233.16,6.22,1200,50.65
66136,COM,2022,40-54,F,206996.48,20655.57,227652.05,9.07,1212,57.29
66136,COM,2022,40-54,F,263283.34,16751.36,280034.69,5.98,1270,49.72
66136,COM,2022,40-54,F,201786.59,18748.08,220534.66,8.5,1191,55.4
66136,COM,2022,40-54,F,220338.31,11139.88,231478.19,4.81,1274,55.25
66136,COM,2022,40-54,F,214201.18,23558.24,237759.42,9.91,1198,51.76
66136,COM,2022,40-54,F,211960.86,14421.34,226382.19,6.37,1213,58.83
66136,COM,2022,40-54,F,188919.41,5451.11,194370.52,2.8,1180,49.24
66136,COM,2022,40-54,F,185547.02,10937.45,196484.47,5.57,1210,49.97
66136,COM,2022,40-54,F,230633.05,7240.95,237874.0,3.04,1263,56.78
66136,COM,2022,40-54,M,196530.55,8599.96,205130.51,4.19,1256,54.4
66136,COM,2022,40-54,M,209862.53,18672.9,228535.44,8.17,1266,52.56
66136,COM,2022,40-54,M,205237.33,16082.35,221319.69,7.27,1275,51.85
66136,COM,2022,40-54,M,226360.21,15725.44,242085.65,6.5,1272,52.5
66136,COM,2022,40-54,M,228991.76,7276.25,236268.01,3.08,1179,53.57
66136,COM,2022,40-54,M,182631.1,12727.49,195358.59,6.51,1187,55.02
66136,COM,2022,40-54,M,157449.03,12048.52,169497.54,7.11,1195,49.29
66136,COM,2022,40-54,M,191569.41,7703.03,199272.44,3.87,1210,50.18
66136,COM,2022,40-54,M,220122.23,24358.87,244481.1,9.96,1192,57.45
66136,COM,2022,40-54,M,186025.34,15597.37,201622.71,7.74,1259,57.66
66136,COM,2022,40-54,M,179020.45,18672.01,197692.47,9.44,1211,49.21
66136,COM,2022,40-54,M,192997.02,10252.27,203249.29,5.04,1232,50.85
66136,COM,2022,40-54,M,230189.14,5535.0,235724.14,2.35,1249,55.77
66136,COM,2022,40-54,M,161397.16,3446.67,164843.83,2.09,1245,57.8
66136,COM,2022,40-54,M,164018.69,8661.95,172680.63,5.02,1192,49.75
66136,COM,2022,40-54,M,236518.25,3009.06,239527.31,1.26,1266,57.63
66136,COM,2022,55-64,F,91106.76,1288.44,92395.2,1.39,1268,57.55
66136,COM,2022,55-64,F,103651.85,7121.58,110773.43,6.43,1271,56.48
66136,COM,2022,55-64,F,109815.48,2191.8,112007.29,1.96,1187,50.39
66136,COM,2022,55-64,F,82331.55,6294.51,88626.06,7.1,1207,58.53
66136,COM,2022,55-64,F,116288.0,919.79,117207.78,0.78,1219,50.44
66136,COM,2022,55-64,F,102501.54,6781.9,109283.45,6.21,1205,55.59
66136,COM,2022,55-64,F,101344.12,2959.79,104303.91,2.84,1274,55.08
66136,COM,2022,55-64,F,98642.0,3341.04,101983.04,3.28,1225,57.26
66136,COM,2022,55-64,F,118327.01,9146.23,127473.24,7.18,1178,55.76
66136,COM,2022,55-64,F,92725.49,4774.67,97500.17,4.9,1223,51.19
66136,COM,2022,55-64,F,105544.63,4583.95,110128.58,4.16,1196,54.41
66136,COM,2022,55-64,F,80627.33,5244.37,85871.7,6.11,1181,49.56
66136,COM,2022,55-64,F,58584.07,4774.68,63358.75,7.54,1259,56.19
66136,COM,2022,55-64,F,113899.08,3533.05,117432.13,3.01,1212,56.48
66136,COM,2022,55-64,F,110220.39,7565.43,117785.82,6.42,1216,56.93
66136,COM,2022,55-64,F,125690.02,6090.25,131780.26,4.62,1195,54.84
66136,COM,2022,55-64,F,116093.3,1086.81,117180.11,0.93,1215,58.97
66136,COM,2022,55-64,F,103471.69,1557.18,105028.87,1.48,1261,56.29
66136,COM,2022,55-64,F,103047.24,3647.65,106694.89,3.42,1266,58.35
66136,COM,2022,55-64,F,110970.7,11628.03,122598.73,9.48,1270,56.83
66136,COM,2022,55-64,F,92242.94,9726.08,101969.02,9.54,1198,54.38
66136,COM,2022,55-64,F,90876.6,3175.54,94052.14,3.38,1175,54.64
66136,COM,2022,55-64,F,103261.25,11066.47,114327.72,9.68,1232,54.65
66136,COM,2022,55-64,F,111954.73,3679.46,115634.19,3.18,1242,54.05
66136,COM,2022,55-64,M,100873.13,9775.89,110649.02,8.84,1191,57.49
66136,COM,2022,55-64,M,157790.97,15520.09,173311.07,8.96,1261,49.28
66136,COM,2022,55-64,M,76825.02,1130.24,77955.26,1.45,1274,49.11
66136,COM,2022,55-64,M,102750.13,7015.4,109765.53,6.39,1182,50.7
66136,COM,2022,55-64,M,108403.39,5002.07,113405.45,4.41,1270,53.74
66136,COM,2022,55-64,M,75238.96,5910.58,81149.54,7.28,1240,54.34
66136,COM,2022,55-64,M,82822.34,708.66,83531.0,0.85,1211,52.57
66136,COM,2022,55-64,M,116960.55,5269.69,122230.24,4.31,1271,51.27
66136,COM,2022,55-64,M,110886.5,560.76,111447.26,0.5,1217,55.2
66136,COM,2022,55-64,M,114432.99,4225.48,118658.47,3.56,1210,51.93
66136,COM,2022,55-64,M,109943.22,2456.58,112399.8,2.19,1260,56.53
66136,COM,2022,55-64,M,73587.87,6437.98,80025.85,8.04,1194,53.02
66136,COM,2022,55-64,M,85010.31,792.52,85802.83,0.92,1260,51.62
66136,COM,2022,55-64,M,107270.99,9373.53,116644.53,8.04,1181,55.13
66136,COM,2022,55-64,M,116289.73,1941.77,118231.51,1.64,1210,49.97
66136,COM,2022,55-64,M,99501.55,3398.68,102900.23,3.3,1239,49.84
66136,COM,2022,55-64,M,101785.28,700.61,102485.88,0.68,1274,58.49
66136,COM,2022,55-64,M,86710.69,5296.97,92007.66,5.76,1227,49.15
66136,COM,2022,55-64,M,106406.46,2723.09,109129.55,2.5,1175,56.64
66136,COM,2022,55-64,M,93749.46,3218.84,96968.3,3.32,1207,52.45
66136,COM,2022,55-64,M,109268.12,9307.98,118576.1,7.85,1258,52.68
66136,COM,2022,55-64,M,93269.25,3744.86,97014.11,3.86,1187,49.63
66136,COM,2022,55-64,M,104761.8,949.49,105711.29,0.9,1219,51.2
66136,COM,2022,55-64,M,111292.41,9411.55,120703.96,7.8,1180,51.51
66136,COM,2022,55-64,M,105794.62,6819.9,112614.52,6.06,1193,55.97
66136,COM,2022,55-64,M,86131.54,2436.3,88567.84,2.75,1199,49.51
66136,COM,2022,55-64,M,66747.72,4959.9,71707.61,6.92,1234,58.94
66136,COM,2022,55-64,M,111460.45,11209.45,122669.9,9.14,1242,56.95
66136,COM,2022,55-64,M,93780.76,789.23,94569.99,0.83,1234,57.02
