Geo_Code,country,city,age,Sexe,Time_Period,Measure,Status_EMP,CHOM_Value
66136,France,Perpignan,21-30,M,2017,15675.800718,1,961.5213
66136,France,Perpignan,41-50,F,2020,63324.457716,31,283.8969
66136,France,Perpignan,11-20,F,2018,63503.050583,2,536.2891
66136,France,Perpignan,11-20,M,2021,31026.780387,36,412.0155
66136,France,Perpignan,11-20,M,2017,79710.024876,35,715.2209
66136,France,Perpignan,21-30,F,2021,57792.578189,2,407.5129
66136,France,Perpignan,41-50,M,2020,69687.714548,1,313.6254
66136,France,Perpignan,0-10,F,2017,85917.108057,35,911.9532
66136,France,Perpignan,0-10,F,2018,43066.969113,2,982.0307
66136,France,Perpignan,41-50,F,2017,22678.639893,33,922.9071
66136,France,Perpignan,21-30,M,2020,13105.462602,35,683.7241
66136,France,Perpignan,41-50,F,2020,11382.213214,33,219.3897
66136,France,Perpignan,21-30,F,2017,58387.505056,36,420.8792
66136,France,Perpignan,21-30,M,2017,36747.737813,35,663.6832
66136,France,Perpignan,21-30,F,2021,58690.448543,35,428.8157
66136,France,Perpignan,11-20,F,2022,99783.869073,1,26.2718
66136,France,Perpignan,0-10,M,2019,98935.206004,2,917.0509
66136,France,Perpignan,21-30,F,2018,21343.220181,31,149.4276
66136,France,Perpignan,31-40,F,2017,44944.681467,36,316.0522
66136,France,Perpignan,21-30,F,2019,14481.958085,35,329.4558
66136,France,Perpignan,21-30,F,2020,81865.870945,2,53.5597
66136,France,Perpignan,0-10,F,2021,56196.657461,1,927.1237
66136,France,Perpignan,21-30,F,2022,50584.617767,31,899.2017
66136,France,Perpignan,21-30,F,2021,51078.984561,35,988.1236
66136,France,Perpignan,41-50,F,2021,74992.162498,2,350.5152
66136,France,Perpignan,41-50,M,2019,75856.605486,35,540.788
66136,France,Perpignan,21-30,F,2020,49196.743154,33,60.9161
66136,France,Perpignan,41-50,F,2021,94087.8001,1,966.1297
66136,France,Perpignan,21-30,F,2022,29236.520506,31,682.2141
66136,France,Perpignan,0-10,F,2021,23514.921889,2,10.2798
66136,France,Perpignan,11-20,M,2017,97533.612798,2,655.0804
66136,France,Perpignan,0-10,M,2020,43187.645112,31,684.0237
66136,France,Perpignan,31-40,M,2021,61981.180789,2,10.6094
66136,France,Perpignan,41-50,F,2020,79864.276082,2,43.226
66136,France,Perpignan,11-20,F,2018,9655.489567,1,103.409
66136,France,Perpignan,21-30,F,2020,53832.813323,1,90.0065
66136,France,Perpignan,41-50,M,2022,34991.505874,2,12.88
66136,France,Perpignan,31-40,M,2021,85251.230522,31,879.8049
66136,France,Perpignan,31-40,M,2020,25158.346126,33,231.0351
66136,France,Perpignan,41-50,M,2019,82087.520685,2,867.0688
66136,France,Perpignan,31-40,F,2020,92954.078531,33,862.8013
66136,France,Perpignan,31-40,M,2019,35958.520009,2,876.2648
66136,France,Perpignan,41-50,F,2017,15343.95682,35,677.5805
66136,France,Perpignan,21-30,F,2018,47962.713841,31,589.8727
66136,France,Perpignan,41-50,M,2022,36584.372712,33,336.6128
66136,France,Perpignan,0-10,F,2022,34536.995659,33,765.0452
66136,France,Perpignan,11-20,F,2021,1596.46907,1,71.8505
66136,France,Perpignan,0-10,F,2019,3713.03016,1,369.2767
66136,France,Perpignan,31-40,M,2022,65315.447947,31,402.9274
66136,France,Perpignan,0-10,M,2017,79814.214191,33,210.7518
66136,France,Perpignan,41-50,M,2018,67746.506378,31,303.478
66136,France,Perpignan,41-50,M,2019,91495.503594,1,823.894
66136,France,Perpignan,41-50,M,2019,85022.038688,1,519.0723
66136,France,Perpignan,11-20,F,2022,95358.343541,31,40.8945
66136,France,Perpignan,21-30,F,2022,83975.486743,36,633.1193
66136,France,Perpignan,41-50,F,2018,47547.258394,33,971.2315
66136,France,Perpignan,41-50,F,2021,28762.42942,35,602.3091
66136,France,Perpignan,31-40,M,2020,9985.912433,36,238.8858
66136,France,Perpignan,0-10,F,2020,61855.267243,1,482.6496
66136,France,Perpignan,41-50,F,2022,71369.088291,31,872.2468
66136,France,Perpignan,41-50,F,2017,74592.456617,36,155.6242
66136,France,Perpignan,41-50,F,2019,10614.335656,33,633.7511
66136,France,Perpignan,21-30,M,2018,17001.863473,33,921.8198
66136,France,Perpignan,21-30,M,2020,14896.453928,2,546.132
66136,France,Perpignan,0-10,F,2022,85153.297228,1,230.0091
66136,France,Perpignan,0-10,M,2021,72958.943276,2,300.5361
66136,France,Perpignan,0-10,F,2017,47493.930661,31,942.4855
66136,France,Perpignan,0-10,M,2021,73919.341295,31,775.5307
66136,France,Perpignan,41-50,M,2018,27183.574485,33,202.5912
66136,France,Perpignan,21-30,M,2018,73125.292753,36,643.0436
66136,France,Perpignan,21-30,F,2017,73234.815157,35,113.9244
66136,France,Perpignan,31-40,M,2022,10491.397696,1,552.6122
66136,France,Perpignan,41-50,F,2018,30630.492602,33,249.739
66136,France,Perpignan,41-50,M,2022,21148.532662,35,116.685
66136,France,Perpignan,11-20,F,2021,77591.893855,35,915.8282
66136,France,Perpignan,41-50,F,2020,98802.293211,36,616.554
66136,France,Perpignan,21-30,F,2020,70724.588411,36,958.4823
66136,France,Perpignan,0-10,M,2017,10499.283837,1,254.1313
66136,France,Perpignan,0-10,M,2019,57062.06425,36,562.9266
66136,France,Perpignan,31-40,F,2017,31696.974211,33,504.819
66136,France,Perpignan,41-50,M,2022,84136.812258,35,597.6344
66136,France,Perpignan,41-50,F,2018,43199.827062,1,106.4256
66136,France,Perpignan,31-40,M,2021,62198.904602,33,705.1367
66136,France,Perpignan,41-50,F,2021,97719.933242,2,448.6684
66136,France,Perpignan,41-50,M,2020,65595.610772,2,840.6523
66136,France,Perpignan,41-50,F,2019,66853.335861,33,673.5913
66136,France,Perpignan,21-30,F,2018,42764.736738,36,97.5203
66136,France,Perpignan,0-10,F,2018,80346.573159,33,476.2062
66136,France,Perpignan,41-50,F,2017,74715.201732,31,64.4627
66136,France,Perpignan,0-10,F,2017,64434.561047,35,972.9584
66136,France,Perpignan,21-30,M,2022,93397.057093,2,75.0495
66136,France,Perpignan,21-30,F,2021,4914.865588,31,438.3429
66136,France,Perpignan,31-40,M,2017,50275.641146,2,701.9575
66136,France,Perpignan,21-30,M,2021,10907.267034,33,295.7124
66136,France,Perpignan,21-30,F,2022,19051.895955,36,662.2727
66136,France,Perpignan,41-50,F,2018,20316.956342,36,630.1709
66136,France,Perpignan,11-20,M,2020,25379.296789,33,459.0578
66136,France,Perpignan,31-40,M,2019,66810.512066,31,653.6969
66136,France,Perpignan,11-20,M,2022,36542.509143,33,552.5125
66136,France,Perpignan,0-10,F,2018,40895.56094,36,726.2129
66136,France,Perpignan,11-20,M,2017,4843.657877,31,217.1499
66136,France,Perpignan,41-50,F,2022,4244.574106,36,712.4734
66136,France,Perpignan,31-40,M,2022,72809.138121,35,700.0565
66136,France,Perpignan,0-10,M,2021,97930.023011,2,254.9491
66136,France,Perpignan,11-20,F,2018,75877.290579,36,861.973
66136,France,Perpignan,21-30,M,2021,41093.830085,1,861.1158
66136,France,Perpignan,41-50,F,2018,31674.988707,2,120.9609
66136,France,Perpignan,21-30,M,2022,48196.394866,2,582.249
66136,France,Perpignan,31-40,F,2019,56095.269324,1,752.9633
66136,France,Perpignan,31-40,M,2022,1853.822672,1,33.1265
66136,France,Perpignan,21-30,F,2022,71888.219799,2,820.3569
66136,France,Perpignan,21-30,F,2021,89490.050976,31,371.2023
66136,France,Perpignan,0-10,M,2017,94122.212233,2,982.5235
66136,France,Perpignan,0-10,F,2022,67134.031023,36,690.7432
66136,France,Perpignan,0-10,F,2017,65432.025148,33,49.7813
66136,France,Perpignan,0-10,M,2018,85137.741741,33,651.7131
66136,France,Perpignan,31-40,F,2018,65830.660347,1,569.913
66136,France,Perpignan,0-10,F,2020,7193.938325,31,778.6016
66136,France,Perpignan,31-40,F,2017,39073.78322,2,857.1466
66136,France,Perpignan,0-10,F,2018,68356.010479,31,605.9935
66136,France,Perpignan,41-50,F,2017,77975.678879,1,670.3485
66136,France,Perpignan,11-20,F,2021,63094.457979,31,20.2478
66136,France,Perpignan,0-10,F,2020,99443.454307,36,220.0828
66136,France,Perpignan,41-50,M,2019,57364.173435,35,571.4907
66136,France,Perpignan,41-50,M,2017,68875.02554,2,88.3934
66136,France,Perpignan,0-10,F,2017,6024.188411,2,233.9629
66136,France,Perpignan,31-40,F,2021,71750.482785,1,587.96
66136,France,Perpignan,31-40,F,2018,1589.99152,2,212.0131
66136,France,Perpignan,31-40,F,2019,35076.704691,31,934.9731
66136,France,Perpignan,11-20,M,2020,60596.008313,33,290.63
66136,France,Perpignan,41-50,M,2021,26090.1475,36,341.0054
66136,France,Perpignan,0-10,F,2019,66517.522495,31,530.4535
66136,France,Perpignan,21-30,M,2017,86582.381717,33,864.5431
66136,France,Perpignan,21-30,F,2020,17767.553477,1,412.2595
66136,France,Perpignan,21-30,M,2022,93446.071271,36,705.427
66136,France,Perpignan,31-40,F,2022,70769.712236,36,100.4967
66136,France,Perpignan,21-30,M,2019,11948.804306,1,724.761
66136,France,Perpignan,21-30,M,2021,50543.030444,31,411.1851
66136,France,Perpignan,21-30,F,2017,54082.289329,33,887.1834
66136,France,Perpignan,31-40,F,2021,27088.017707,36,774.8383
66136,France,Perpignan,41-50,F,2017,13680.473051,1,228.3489
66136,France,Perpignan,11-20,M,2019,73669.964727,1,92.7944
66136,France,Perpignan,11-20,F,2022,67168.736103,2,818.3655
66136,France,Perpignan,11-20,F,2018,38578.372588,33,486.526
66136,France,Perpignan,11-20,M,2019,7463.6399,33,338.8725
66136,France,Perpignan,0-10,M,2018,56999.321455,35,390.5758
66136,France,Perpignan,31-40,M,2020,5981.903921,36,296.663
66136,France,Perpignan,21-30,M,2020,14649.33705,33,802.5193
66136,France,Perpignan,11-20,M,2019,81982.584356,33,479.8218
66136,France,Perpignan,21-30,M,2018,22901.708616,33,773.4664
66136,France,Perpignan,21-30,F,2019,14717.044221,31,870.571
66136,France,Perpignan,0-10,F,2019,41283.621439,31,205.6056
66136,France,Perpignan,31-40,F,2021,10147.897953,36,298.8792
66136,France,Perpignan,31-40,M,2020,2262.234741,1,412.9394
66136,France,Perpignan,11-20,M,2020,25196.112833,33,490.4389
66136,France,Perpignan,21-30,M,2017,68530.793148,33,948.6402
66136,France,Perpignan,11-20,F,2022,1965.374704,31,870.4519
66136,France,Perpignan,41-50,F,2018,4247.766363,36,871.3721
66136,France,Perpignan,0-10,M,2017,30566.573192,35,740.808
66136,France,Perpignan,0-10,M,2022,56216.36775,36,543.8065
66136,France,Perpignan,11-20,F,2022,37767.532898,33,228.7571
66136,France,Perpignan,31-40,M,2022,23567.426287,1,215.2928
66136,France,Perpignan,21-30,M,2021,98611.241155,2,495.7826
66136,France,Perpignan,31-40,F,2018,45708.203686,35,105.5485
66136,France,Perpignan,11-20,F,2017,59012.807738,31,513.185
66136,France,Perpignan,0-10,M,2021,10392.057674,2,856.0823
66136,France,Perpignan,31-40,M,2021,61091.252172,35,100.7564
66136,France,Perpignan,11-20,F,2020,41229.831619,33,266.9798
66136,France,Perpignan,11-20,F,2020,28087.56953,2,968.056
66136,France,Perpignan,0-10,F,2020,63233.334068,35,660.4457
66136,France,Perpignan,11-20,M,2017,42268.766127,31,123.0871
66136,France,Perpignan,21-30,M,2020,9121.490192,31,46.13
66136,France,Perpignan,11-20,M,2017,28217.509726,33,391.4287
66136,France,Perpignan,0-10,F,2021,36446.000791,33,494.0579
66136,France,Perpignan,31-40,F,2020,51607.288328,33,698.8143
66136,France,Perpignan,41-50,F,2019,71556.203449,36,230.9449
66136,France,Perpignan,31-40,F,2017,20953.638732,36,807.9382
66136,France,Perpignan,11-20,M,2018,89114.447509,1,995.6206
66136,France,Perpignan,11-20,M,2018,13202.311579,31,145.5773
66136,France,Perpignan,31-40,F,2020,46888.924487,2,302.2834
66136,France,Perpignan,21-30,F,2017,93917.657811,35,372.401
66136,France,Perpignan,11-20,M,2018,53808.421536,2,740.7644
66136,France,Perpignan,41-50,F,2021,17753.938117,36,578.077
66136,France,Perpignan,11-20,M,2022,42581.128723,33,960.284
66136,France,Perpignan,21-30,M,2021,28757.375937,1,172.5276
66136,France,Perpignan,21-30,F,2019,85696.88818,36,127.0762
66136,France,Perpignan,11-20,F,2020,48459.218281,36,339.968
66136,France,Perpignan,21-30,F,2018,48293.960282,36,849.2657
66136,France,Perpignan,0-10,F,2021,28975.141119,35,535.3049
66136,France,Perpignan,21-30,M,2018,73171.094389,33,621.7415
66136,France,Perpignan,41-50,F,2017,65905.854094,36,899.2807
66136,France,Perpignan,0-10,F,2020,80930.092056,2,629.9972
66136,France,Perpignan,0-10,M,2020,49675.332145,35,663.0404
66136,France,Perpignan,21-30,M,2020,71998.171121,31,726.9879
66136,France,Perpignan,11-20,M,2022,63142.07027,1,258.8066
66136,France,Perpignan,11-20,M,2020,23814.305515,2,169.4315
66136,France,Perpignan,31-40,F,2018,60480.803926,33,259.0454
66136,France,Perpignan,41-50,M,2017,13754.76371,1,394.4897
66136,France,Perpignan,41-50,F,2019,48434.435913,35,259.7612
66136,France,Perpignan,21-30,F,2017,8158.221953,33,67.0671
66136,France,Perpignan,21-30,F,2018,5140.506517,31,604.904
66136,France,Perpignan,41-50,M,2020,94524.946718,1,319.4963
66136,France,Perpignan,41-50,F,2018,54779.661275,35,621.0941
66136,France,Perpignan,41-50,M,2018,29395.520738,35,963.7617
66136,France,Perpignan,41-50,M,2018,41244.714698,33,509.815
66136,France,Perpignan,41-50,F,2018,27126.978384,31,366.9699
66136,France,Perpignan,31-40,F,2020,48506.967658,35,364.3266
66136,France,Perpignan,21-30,M,2019,59800.949121,2,351.3828
66136,France,Perpignan,21-30,M,2021,41956.434137,31,823.3282
66136,France,Perpignan,11-20,F,2021,7846.311956,33,203.1384
66136,France,Perpignan,21-30,F,2019,75376.535858,2,762.8651
66136,France,Perpignan,21-30,M,2021,43516.03453,31,344.9036
66136,France,Perpignan,0-10,M,2021,8407.03423,1,684.6994
66136,France,Perpignan,11-20,F,2020,58966.318788,35,853.487
66136,France,Perpignan,31-40,F,2022,45098.848272,2,161.574
66136,France,Perpignan,41-50,F,2022,44611.199063,31,630.2174
66136,France,Perpignan,31-40,M,2021,7149.654625,1,366.3948
66136,France,Perpignan,11-20,M,2020,21908.907632,31,751.5655
66136,France,Perpignan,21-30,M,2018,23899.595496,1,593.0151
66136,France,Perpignan,21-30,F,2018,62297.176369,33,361.5681
66136,France,Perpignan,41-50,M,2019,31307.855237,2,490.8779
66136,France,Perpignan,41-50,F,2019,83159.130766,36,599.1525
66136,France,Perpignan,41-50,M,2021,87297.810728,31,697.6737
66136,France,Perpignan,41-50,M,2017,12641.079903,1,664.7708
66136,France,Perpignan,21-30,F,2019,44860.6317,33,303.3939
66136,France,Perpignan,0-10,F,2021,93108.33003,33,402.4271
66136,France,Perpignan,41-50,F,2021,66534.314725,2,354.2981
66136,France,Perpignan,21-30,F,2021,61129.839566,36,364.7259
66136,France,Perpignan,0-10,F,2020,8520.642301,2,496.216
66136,France,Perpignan,41-50,F,2018,6004.122084,2,814.9083
66136,France,Perpignan,31-40,M,2018,3051.014981,35,158.3565
66136,France,Perpignan,11-20,F,2018,30041.205763,36,408.1327
66136,France,Perpignan,31-40,F,2018,37820.833716,2,697.3848
66136,France,Perpignan,31-40,F,2019,7889.702436,2,983.7044
66136,France,Perpignan,11-20,M,2018,74603.438292,2,659.3337
66136,France,Perpignan,0-10,F,2019,65368.886095,33,113.251
66136,France,Perpignan,41-50,F,2017,62268.459986,33,214.75
66136,France,Perpignan,41-50,M,2021,12555.757542,2,60.521
66136,France,Perpignan,21-30,M,2019,72246.124474,33,493.9944
66136,France,Perpignan,41-50,F,2019,77684.579243,2,604.3282
66136,France,Perpignan,31-40,M,2021,48207.194479,35,283.4979
66136,France,Perpignan,0-10,M,2019,63004.434413,33,278.6483
66136,France,Perpignan,0-10,F,2018,35307.335526,35,80.5424
66136,France,Perpignan,41-50,M,2018,34312.362153,35,43.8602
66136,France,Perpignan,41-50,F,2021,49310.348576,33,880.6886
66136,France,Perpignan,31-40,M,2022,50446.619231,36,711.7489
66136,France,Perpignan,21-30,M,2021,54147.213085,2,301.524
66136,France,Perpignan,31-40,F,2022,21420.478129,33,681.9488
66136,France,Perpignan,41-50,F,2019,44296.338236,35,701.0394
66136,France,Perpignan,31-40,M,2020,82131.890239,33,545.9955
66136,France,Perpignan,0-10,F,2017,79659.607296,33,438.0721
66136,France,Perpignan,31-40,M,2021,18536.356656,35,269.6848
66136,France,Perpignan,31-40,M,2018,80718.893334,31,800.2959
66136,France,Perpignan,31-40,F,2018,54614.051914,33,655.6954
66136,France,Perpignan,0-10,F,2022,74887.517458,31,684.0596
66136,France,Perpignan,41-50,M,2019,89266.403429,1,149.077
66136,France,Perpignan,21-30,F,2022,62241.865065,31,422.797
66136,France,Perpignan,41-50,F,2019,28160.792866,31,236.9636
66136,France,Perpignan,31-40,M,2021,98737.977404,33,638.9867
66136,France,Perpignan,41-50,M,2022,19397.855018,31,531.0809
66136,France,Perpignan,41-50,M,2021,74690.257007,36,781.4543
66136,France,Perpignan,21-30,F,2021,41062.248497,2,584.0929
66136,France,Perpignan,31-40,F,2019,77468.602253,1,196.7035
66136,France,Perpignan,0-10,F,2019,51401.385828,33,505.1546
66136,France,Perpignan,0-10,M,2017,67541.521222,33,610.2262
66136,France,Perpignan,41-50,M,2018,81848.458041,1,361.2081
66136,France,Perpignan,31-40,M,2019,19409.715447,2,936.4991
66136,France,Perpignan,0-10,M,2022,58770.252857,1,737.3121
66136,France,Perpignan,41-50,M,2019,90671.166207,1,803.2597
66136,France,Perpignan,31-40,M,2017,13809.96678,31,70.5206
66136,France,Perpignan,11-20,F,2019,57588.48092,35,830.8756
66136,France,Perpignan,11-20,F,2022,80669.166981,1,397.4715
66136,France,Perpignan,41-50,F,2020,8434.8113,36,376.78
66136,France,Perpignan,0-10,M,2019,27705.613321,33,699.3849
66136,France,Perpignan,41-50,M,2017,29908.120704,31,417.0303
66136,France,Perpignan,31-40,F,2022,64961.544535,2,270.2638
66136,France,Perpignan,41-50,M,2022,21586.900365,2,21.7305
66136,France,Perpignan,21-30,M,2018,78222.313926,33,408.1868
66136,France,Perpignan,21-30,M,2020,34458.123169,31,325.4486
66136,France,Perpignan,11-20,M,2018,36150.732318,35,104.6214
66136,France,Perpignan,31-40,F,2017,47168.499713,33,470.6979
66136,France,Perpignan,0-10,F,2019,28022.019459,2,440.3269
66136,France,Perpignan,41-50,M,2018,45701.572091,2,819.9351
66136,France,Perpignan,41-50,M,2017,89068.418883,31,510.403
66136,France,Perpignan,0-10,M,2020,23346.046556,36,97.5457
66136,France,Perpignan,11-20,M,2021,77116.482393,36,107.4771
66136,France,Perpignan,11-20,F,2022,16424.42598,35,763.2281
66136,France,Perpignan,31-40,M,2022,47813.600306,35,646.9274
66136,France,Perpignan,11-20,F,2018,20036.298991,33,477.5023
66136,France,Perpignan,11-20,F,2020,44093.347859,1,600.2087
66136,France,Perpignan,41-50,F,2022,18765.381407,35,183.7758
66136,France,Perpignan,11-20,M,2018,76726.627059,35,15.5731
66136,France,Perpignan,31-40,F,2019,9659.045039,33,106.0656
66136,France,Perpignan,0-10,M,2019,58957.419125,31,892.1157
66136,France,Perpignan,31-40,M,2020,58993.993954,35,263.8312
66136,France,Perpignan,11-20,M,2019,62504.389141,33,405.6713
66136,France,Perpignan,41-50,F,2019,97650.883794,35,273.7068
66136,France,Perpignan,41-50,F,2018,21643.707567,31,864.8605
66136,France,Perpignan,21-30,M,2017,87333.178572,35,903.5602
66136,France,Perpignan,0-10,F,2020,43598.350413,1,903.652
66136,France,Perpignan,31-40,M,2017,34528.599557,33,594.0253
66136,France,Perpignan,21-30,F,2021,99816.092982,33,86.0118
66136,France,Perpignan,0-10,M,2022,87984.508882,1,53.2664
66136,France,Perpignan,31-40,M,2022,64340.43069,33,553.0453
66136,France,Perpignan,41-50,F,2019,54897.270345,35,670.0246
66136,France,Perpignan,21-30,F,2020,36467.00806,36,740.0124
66136,France,Perpignan,11-20,F,2020,83347.509735,1,477.3222
66136,France,Perpignan,31-40,F,2017,42661.354133,36,261.1096
66136,France,Perpignan,21-30,F,2020,40779.086847,2,129.0878
66136,France,Perpignan,41-50,F,2018,65697.253809,36,812.0667
66136,France,Perpignan,0-10,M,2019,81009.626309,33,601.9773
66136,France,Perpignan,0-10,M,2019,91877.375983,2,658.7555
66136,France,Perpignan,31-40,M,2018,55865.834017,36,393.0208
66136,France,Perpignan,41-50,F,2019,5735.21805,35,231.5399
66136,France,Perpignan,41-50,F,2017,15932.815601,36,661.3816
66136,France,Perpignan,11-20,M,2019,7419.095923,31,950.328
66136,France,Perpignan,11-20,F,2018,86813.134575,36,145.9841
66136,France,Perpignan,31-40,M,2017,49770.683263,31,761.9191
66136,France,Perpignan,0-10,F,2021,62820.67277,2,885.7327
66136,France,Perpignan,41-50,M,2017,81545.653272,33,177.1453
66136,France,Perpignan,21-30,F,2018,58923.453545,31,126.8422
66136,France,Perpignan,11-20,F,2017,4604.567612,33,519.4514
66136,France,Perpignan,0-10,F,2020,26872.840294,35,735.6222
66136,France,Perpignan,31-40,M,2021,33232.880846,36,787.4891
66136,France,Perpignan,0-10,F,2020,98742.908667,31,785.6181
66136,France,Perpignan,31-40,M,2018,71044.659134,31,605.0825
66136,France,Perpignan,41-50,F,2018,1843.576562,31,765.6289
66136,France,Perpignan,41-50,M,2018,43070.339643,35,748.3981
66136,France,Perpignan,0-10,M,2021,13340.644681,36,429.1745
66136,France,Perpignan,41-50,F,2020,89361.112911,31,646.4743
66136,France,Perpignan,31-40,F,2017,48854.625544,33,567.581
66136,France,Perpignan,31-40,F,2018,53586.588208,31,309.0967
66136,France,Perpignan,21-30,F,2017,10346.422781,35,522.8824
66136,France,Perpignan,11-20,F,2020,97886.542164,31,188.5478
66136,France,Perpignan,11-20,M,2021,86155.342044,2,683.5489
66136,France,Perpignan,0-10,M,2019,79161.039685,33,826.4453
66136,France,Perpignan,31-40,M,2019,84156.866146,33,435.5184
66136,France,Perpignan,0-10,M,2018,47166.575588,35,405.7613
66136,France,Perpignan,31-40,M,2021,37306.654445,36,131.4398
66136,France,Perpignan,41-50,F,2018,40812.376691,35,870.5277
66136,France,Perpignan,0-10,M,2022,1765.233734,2,513.5238
66136,France,Perpignan,11-20,M,2018,76561.519658,31,12.4258
66136,France,Perpignan,31-40,M,2020,16435.810333,33,271.6961
66136,France,Perpignan,31-40,F,2017,39718.469558,1,204.1857
66136,France,Perpignan,31-40,F,2021,78600.335249,31,847.6839
66136,France,Perpignan,21-30,M,2020,15278.185021,31,952.7004
66136,France,Perpignan,41-50,F,2017,59235.516592,2,929.4401
66136,France,Perpignan,31-40,M,2019,35836.162834,1,699.0485
66136,France,Perpignan,0-10,M,2019,5674.551121,36,38.7349
66136,France,Perpignan,0-10,F,2020,66946.373407,31,559.674
66136,France,Perpignan,0-10,M,2019,74679.264915,33,424.8394
66136,France,Perpignan,31-40,M,2019,79801.696555,31,485.5032
66136,France,Perpignan,0-10,M,2020,90040.170733,2,38.2829
66136,France,Perpignan,41-50,M,2019,36851.569833,36,123.5685
66136,France,Perpignan,21-30,M,2017,39595.993751,31,223.1781
66136,France,Perpignan,21-30,F,2017,52050.067993,36,841.3262
66136,France,Perpignan,31-40,M,2019,97701.701151,36,551.8946
66136,France,Perpignan,41-50,F,2018,27414.08171,35,243.4495
66136,France,Perpignan,21-30,M,2017,20948.688529,35,332.2953
66136,France,Perpignan,0-10,F,2021,91635.256862,31,267.8348
66136,France,Perpignan,0-10,M,2021,21219.393628,36,419.1474
66136,France,Perpignan,31-40,M,2017,62118.232183,2,170.2109
66136,France,Perpignan,11-20,F,2019,72021.357997,35,738.1422
66136,France,Perpignan,0-10,M,2018,21857.863454,36,55.2018
66136,France,Perpignan,21-30,F,2018,12158.697473,35,498.1741
66136,France,Perpignan,11-20,F,2018,12539.192466,36,174.0627
66136,France,Perpignan,21-30,F,2020,33542.757227,36,851.4912
66136,France,Perpignan,41-50,M,2022,33975.330734,33,933.4389
66136,France,Perpignan,31-40,M,2020,63988.683823,36,682.2696
66136,France,Perpignan,0-10,M,2020,95134.641705,33,81.4258
66136,France,Perpignan,31-40,F,2017,43518.28329,1,46.3766
66136,France,Perpignan,21-30,M,2022,20938.513469,1,757.29
66136,France,Perpignan,21-30,F,2021,9570.742584,36,263.5017
66136,France,Perpignan,11-20,F,2019,25421.777831,2,919.0383
66136,France,Perpignan,0-10,M,2018,65274.98085,33,342.5977
66136,France,Perpignan,0-10,F,2020,98541.497662,33,210.2971
66136,France,Perpignan,41-50,F,2017,31025.529695,36,84.0392
66136,France,Perpignan,21-30,F,2017,79712.687519,33,549.2376
66136,France,Perpignan,41-50,F,2022,37809.886552,1,150.7503
66136,France,Perpignan,0-10,M,2018,99062.78775,2,176.4667
66136,France,Perpignan,0-10,F,2017,16627.114414,31,81.6008
66136,France,Perpignan,41-50,M,2018,92472.417175,31,330.8776
66136,France,Perpignan,41-50,M,2021,49075.275514,2,316.4137
66136,France,Perpignan,0-10,F,2019,63015.928375,1,575.1781
66136,France,Perpignan,0-10,F,2022,2987.428467,2,903.9541
66136,France,Perpignan,41-50,M,2018,12041.487888,36,409.7566
66136,France,Perpignan,11-20,M,2019,45381.213918,31,988.2701
66136,France,Perpignan,21-30,M,2018,65887.557343,2,435.5721
66136,France,Perpignan,11-20,M,2020,64406.322863,31,848.3354
66136,France,Perpignan,0-10,M,2021,26684.942095,33,812.5993
66136,France,Perpignan,41-50,M,2022,83945.251234,1,290.6768
66136,France,Perpignan,21-30,M,2021,38536.640382,33,285.72
66136,France,Perpignan,31-40,F,2017,54876.968724,31,390.0996
66136,France,Perpignan,41-50,M,2021,70613.783051,2,951.1313
66136,France,Perpignan,31-40,M,2022,14535.156585,35,984.1631
66136,France,Perpignan,11-20,F,2020,86461.249605,31,141.2185
66136,France,Perpignan,41-50,M,2019,59733.854456,33,535.7019
66136,France,Perpignan,41-50,M,2021,22169.470436,36,547.867
66136,France,Perpignan,41-50,F,2021,82218.043538,35,347.667
66136,France,Perpignan,21-30,F,2019,82147.003919,1,630.9752
66136,France,Perpignan,0-10,F,2021,34108.177349,33,141.6948
66136,France,Perpignan,31-40,F,2017,23622.008917,2,883.0997
66136,France,Perpignan,11-20,M,2017,38558.14124,31,860.2411
66136,France,Perpignan,41-50,F,2019,4758.433348,33,547.9278
66136,France,Perpignan,11-20,F,2021,19520.66711,36,556.1145
66136,France,Perpignan,21-30,F,2018,62180.679631,36,655.6562
66136,France,Perpignan,21-30,M,2017,67770.237334,36,795.2301
66136,France,Perpignan,31-40,F,2018,87342.091411,31,449.9581
66136,France,Perpignan,0-10,M,2020,95587.089484,35,427.9336
66136,France,Perpignan,0-10,M,2020,97225.791739,1,643.4714
66136,France,Perpignan,31-40,F,2018,56288.866288,36,160.9143
66136,France,Perpignan,0-10,F,2019,71343.845281,36,469.4628
66136,France,Perpignan,31-40,F,2022,77676.346214,35,481.8629
66136,France,Perpignan,11-20,M,2017,48459.013558,33,467.5413
66136,France,Perpignan,41-50,F,2019,20892.116928,2,412.6638
66136,France,Perpignan,31-40,M,2017,97732.345149,36,194.5495
66136,France,Perpignan,0-10,F,2019,90686.759857,1,732.8137
66136,France,Perpignan,11-20,F,2017,67690.479116,1,373.1853
66136,France,Perpignan,41-50,F,2018,27560.415503,33,38.6134
66136,France,Perpignan,41-50,F,2018,2588.31744,1,828.8707
66136,France,Perpignan,21-30,F,2019,38570.980197,1,635.8905
66136,France,Perpignan,0-10,M,2022,36191.183184,1,830.8631
66136,France,Perpignan,31-40,M,2018,82150.461132,36,667.1116
66136,France,Perpignan,11-20,F,2022,25446.363822,1,523.3076
66136,France,Perpignan,41-50,F,2021,25769.905341,33,12.3499
66136,France,Perpignan,0-10,M,2017,39846.367209,31,827.415
66136,France,Perpignan,0-10,F,2020,16128.456568,35,174.0439
66136,France,Perpignan,41-50,F,2018,78527.554565,2,722.0892
66136,France,Perpignan,11-20,F,2022,20446.268619,33,127.3359
66136,France,Perpignan,41-50,F,2017,35855.894603,1,891.4984
66136,France,Perpignan,21-30,F,2017,88089.474382,33,931.0581
66136,France,Perpignan,0-10,M,2020,72027.193386,35,499.1925
66136,France,Perpignan,41-50,F,2017,87965.746618,33,985.3407
66136,France,Perpignan,31-40,F,2018,17354.384996,35,522.1603
66136,France,Perpignan,41-50,M,2021,49060.100411,2,583.4667
66136,France,Perpignan,31-40,F,2019,97983.619052,2,137.6779
66136,France,Perpignan,21-30,M,2021,79379.177386,31,421.8295
66136,France,Perpignan,21-30,F,2019,59595.369042,33,195.7825
66136,France,Perpignan,31-40,F,2022,64390.852653,33,776.3618
66136,France,Perpignan,21-30,F,2017,11945.62087,33,848.2278
66136,France,Perpignan,41-50,F,2022,3614.757178,2,845.7558
66136,France,Perpignan,41-50,F,2021,87286.499718,2,149.3876
66136,France,Perpignan,11-20,M,2017,6889.119313,1,121.5131
66136,France,Perpignan,0-10,F,2018,99457.437279,1,217.9256
66136,France,Perpignan,31-40,M,2019,39990.455964,35,524.0254
66136,France,Perpignan,0-10,F,2021,33241.759976,36,787.3586
66136,France,Perpignan,21-30,M,2018,69975.405711,31,487.4189
66136,France,Perpignan,41-50,M,2018,86246.794184,33,708.3988
66136,France,Perpignan,21-30,M,2017,74232.098804,35,233.7563
66136,France,Perpignan,41-50,F,2020,88179.922201,36,183.0078
66136,France,Perpignan,11-20,F,2020,77292.293781,1,631.6777
66136,France,Perpignan,31-40,M,2020,86692.703244,1,535.999
66136,France,Perpignan,41-50,M,2021,52144.041961,35,513.6032
66136,France,Perpignan,21-30,F,2017,16212.601257,35,975.3462
66136,France,Perpignan,21-30,M,2022,7253.501377,2,975.6984
66136,France,Perpignan,0-10,M,2019,76720.010086,1,580.8054
66136,France,Perpignan,0-10,F,2022,37886.139854,1,178.42
66136,France,Perpignan,31-40,M,2019,50492.760243,36,876.6933
66136,France,Perpignan,41-50,M,2017,63209.710807,2,792.297
66136,France,Perpignan,31-40,M,2022,3668.439646,36,435.2917
66136,France,Perpignan,11-20,F,2021,48216.947879,35,444.3934
66136,France,Perpignan,41-50,F,2021,49737.856094,31,385.5812
66136,France,Perpignan,11-20,M,2020,87678.669212,35,301.0299
66136,France,Perpignan,31-40,F,2018,4519.542212,33,823.8571
66136,France,Perpignan,31-40,F,2018,8892.580094,1,929.8273
66136,France,Perpignan,21-30,F,2018,68379.667057,2,765.9021
66136,France,Perpignan,0-10,M,2017,81691.127027,35,860.4343
66136,France,Perpignan,31-40,F,2021,90198.303808,2,925.2565
66136,France,Perpignan,11-20,M,2022,7056.03795,31,563.9912
66136,France,Perpignan,21-30,M,2020,9277.70119,1,553.5114
66136,France,Perpignan,31-40,M,2021,37727.369104,35,43.5881
66136,France,Perpignan,41-50,F,2022,21354.064843,1,432.5679
66136,France,Perpignan,41-50,F,2020,90230.567672,1,354.3582
66136,France,Perpignan,31-40,F,2020,37268.999669,36,782.3598
66136,France,Perpignan,41-50,F,2021,76591.553126,31,61.5319
66136,France,Perpignan,31-40,F,2020,36907.34998,31,168.472
66136,France,Perpignan,41-50,F,2022,4236.901075,2,37.9204
66136,France,Perpignan,11-20,M,2021,45455.014054,36,555.3089
66136,France,Perpignan,0-10,F,2018,79867.169653,2,310.3242
66136,France,Perpignan,31-40,F,2021,9752.775865,33,311.2087
66136,France,Perpignan,11-20,M,2018,62747.874199,1,386.5573
66136,France,Perpignan,21-30,M,2018,55171.169011,1,222.1339
66136,France,Perpignan,41-50,M,2020,12336.705958,33,906.3962
66136,France,Perpignan,11-20,F,2022,11585.576874,35,817.5845
66136,France,Perpignan,31-40,M,2019,73130.359449,36,211.9356
66136,France,Perpignan,11-20,M,2021,56994.018018,36,258.2078
66136,France,Perpignan,0-10,F,2017,36653.344818,31,96.4809
66136,France,Perpignan,31-40,M,2017,78887.454966,36,538.5194
66136,France,Perpignan,11-20,F,2019,9342.517846,31,758.335
66136,France,Perpignan,21-30,M,2017,35916.12762,2,372.8684
66136,France,Perpignan,21-30,M,2021,8819.147038,31,675.9248
66136,France,Perpignan,11-20,M,2020,33931.941334,2,550.9199
66136,France,Perpignan,0-10,F,2019,1153.453917,31,656.3441
66136,France,Perpignan,31-40,F,2019,3516.674385,1,459.3642
66136,France,Perpignan,11-20,M,2021,44209.478582,2,649.4905
66136,France,Perpignan,11-20,F,2018,94669.085442,33,900.3741
66136,France,Perpignan,0-10,M,2019,49404.984696,1,563.3114
66136,France,Perpignan,41-50,F,2021,38912.019981,2,880.6272
66136,France,Perpignan,0-10,M,2019,19936.368274,35,140.227
66136,France,Perpignan,11-20,F,2018,61272.630578,36,707.288
66136,France,Perpignan,0-10,M,2020,41927.934597,33,549.8382
66136,France,Perpignan,31-40,F,2022,10501.493823,33,65.6016
66136,France,Perpignan,41-50,F,2017,36061.781649,35,411.9122
66136,France,Perpignan,21-30,F,2021,73055.817309,31,568.1864
66136,France,Perpignan,21-30,M,2022,18395.77023,35,683.3096
66136,France,Perpignan,31-40,M,2021,81345.74763,33,94.194
66136,France,Perpignan,11-20,F,2020,99444.461615,33,151.4524
66136,France,Perpignan,41-50,M,2017,59980.140293,31,497.5025
66136,France,Perpignan,31-40,F,2018,62948.019392,33,789.0738
66136,France,Perpignan,31-40,M,2018,25617.399694,2,546.2722
66136,France,Perpignan,31-40,F,2021,26416.716,33,493.3579
66136,France,Perpignan,21-30,M,2021,22260.97261,31,279.334
66136,France,Perpignan,11-20,M,2017,14803.269295,31,865.3084
66136,France,Perpignan,21-30,F,2021,77713.876152,33,483.785
66136,France,Perpignan,31-40,F,2022,57405.728298,1,730.3187
66136,France,Perpignan,41-50,F,2018,94436.196371,1,145.5089
66136,France,Perpignan,21-30,F,2017,64688.966042,36,293.2683
66136,France,Perpignan,31-40,M,2017,58825.055341,33,433.4923
66136,France,Perpignan,21-30,F,2017,76449.513202,35,843.6158
66136,France,Perpignan,41-50,M,2021,34152.053245,33,65.6893
66136,France,Perpignan,11-20,M,2018,37238.194214,2,538.6303
66136,France,Perpignan,31-40,M,2021,17375.37246,31,183.2285
66136,France,Perpignan,31-40,M,2019,60803.696853,31,737.2883
66136,France,Perpignan,11-20,F,2018,76828.339977,31,442.9093
66136,France,Perpignan,41-50,M,2017,33722.125719,36,429.5586
66136,France,Perpignan,21-30,F,2017,66079.553784,36,423.729
66136,France,Perpignan,31-40,M,2022,20896.404561,35,13.3569
66136,France,Perpignan,21-30,F,2018,92746.628555,2,951.9329
66136,France,Perpignan,41-50,M,2019,70001.464823,33,218.5462
66136,France,Perpignan,41-50,M,2019,62939.444305,1,520.3985
66136,France,Perpignan,21-30,F,2022,24825.626424,36,438.2899
66136,France,Perpignan,31-40,M,2022,50197.38829,33,393.7754
66136,France,Perpignan,21-30,M,2021,16347.846128,1,20.7863
66136,France,Perpignan,41-50,M,2022,66013.656919,31,797.9342
66136,France,Perpignan,0-10,M,2021,44168.868978,31,895.456
66136,France,Perpignan,11-20,M,2021,71891.21242,1,847.8707
66136,France,Perpignan,11-20,M,2017,59063.089531,2,461.4996
66136,France,Perpignan,11-20,F,2017,26852.719905,31,168.2134
66136,France,Perpignan,21-30,F,2019,92169.388044,31,179.2741
66136,France,Perpignan,11-20,F,2021,57662.946185,36,215.1273
66136,France,Perpignan,0-10,F,2021,76400.370163,33,237.2836
66136,France,Perpignan,11-20,F,2021,74487.906616,1,613.0676
66136,France,Perpignan,21-30,F,2019,11755.041749,1,946.2347
66136,France,Perpignan,31-40,M,2018,42181.677574,36,461.0868
66136,France,Perpignan,21-30,F,2022,21867.303707,36,287.0084
66136,France,Perpignan,41-50,M,2017,30308.332829,35,924.1317
66136,France,Perpignan,0-10,M,2019,99108.956657,33,260.2469
66136,France,Perpignan,21-30,F,2020,76959.661108,1,327.1051
66136,France,Perpignan,11-20,F,2018,91728.830676,31,166.1218
66136,France,Perpignan,11-20,M,2019,12858.107962,36,25.795
66136,France,Perpignan,11-20,M,2022,83464.90471,1,411.5249
66136,France,Perpignan,31-40,M,2018,99913.107906,35,832.6071
66136,France,Perpignan,41-50,F,2022,95708.735757,36,334.8496
66136,France,Perpignan,41-50,F,2022,64900.860962,33,470.6343
66136,France,Perpignan,31-40,F,2018,88221.064666,33,610.2219
66136,France,Perpignan,11-20,M,2022,34641.548813,2,641.4987
66136,France,Perpignan,11-20,M,2019,99218.545943,36,720.2251
66136,France,Perpignan,0-10,F,2018,76480.065767,1,250.9011
66136,France,Perpignan,31-40,F,2019,64775.682615,33,407.7042
66136,France,Perpignan,21-30,F,2022,53342.561291,35,345.5074
66136,France,Perpignan,0-10,F,2020,2472.088714,2,827.016
66136,France,Perpignan,41-50,F,2017,63660.786863,31,307.7372
66136,France,Perpignan,0-10,M,2017,60169.092877,35,267.0322
66136,France,Perpignan,41-50,F,2020,37114.35947,1,181.7901
66136,France,Perpignan,11-20,M,2021,61495.457169,33,215.8211
66136,France,Perpignan,11-20,M,2019,94584.812585,2,988.9858
66136,France,Perpignan,31-40,M,2021,31168.870955,31,38.659
66136,France,Perpignan,21-30,F,2017,31040.241495,1,770.1435
66136,France,Perpignan,41-50,F,2020,2799.860474,2,720.222
66136,France,Perpignan,21-30,M,2018,74624.670894,2,536.8534
66136,France,Perpignan,41-50,F,2018,75347.995957,2,71.6959
66136,France,Perpignan,41-50,M,2020,77495.291547,35,489.1131
66136,France,Perpignan,0-10,F,2022,90557.673337,2,730.3946
66136,France,Perpignan,0-10,F,2017,69155.174983,36,116.7501
66136,France,Perpignan,31-40,M,2019,30872.772767,1,253.2118
66136,France,Perpignan,11-20,M,2017,27910.076191,35,713.5437
66136,France,Perpignan,11-20,M,2021,33320.103486,33,460.729
66136,France,Perpignan,11-20,F,2020,74363.472567,33,509.0147
66136,France,Perpignan,11-20,M,2021,23169.353852,2,646.9369
66136,France,Perpignan,11-20,F,2017,81959.73859,31,902.0525
66136,France,Perpignan,0-10,F,2020,78112.224104,36,971.7448
66136,France,Perpignan,11-20,M,2019,25511.674804,35,201.7071
66136,France,Perpignan,31-40,M,2019,66813.482434,1,49.2867
66136,France,Perpignan,21-30,M,2019,45012.050087,1,767.3278
66136,France,Perpignan,21-30,F,2018,31081.681458,31,59.2992
66136,France,Perpignan,21-30,M,2020,29839.764269,1,411.1559
66136,France,Perpignan,31-40,M,2020,79349.780363,35,484.6476
66136,France,Perpignan,31-40,F,2019,40401.368373,33,653.1209
66136,France,Perpignan,21-30,M,2017,93914.230604,2,614.0633
66136,France,Perpignan,0-10,F,2021,36670.174953,31,745.0695
66136,France,Perpignan,0-10,F,2018,39010.037244,1,708.5317
66136,France,Perpignan,11-20,M,2019,22877.288277,36,834.3889
66136,France,Perpignan,31-40,F,2020,24329.221915,36,119.9518
66136,France,Perpignan,31-40,F,2020,24412.365315,33,405.047
66136,France,Perpignan,11-20,F,2019,25427.102527,35,216.2272
66136,France,Perpignan,0-10,F,2020,41590.928097,31,234.9119
66136,France,Perpignan,21-30,M,2021,13306.51433,1,834.8379
66136,France,Perpignan,21-30,F,2017,55612.227999,31,152.6662
66136,France,Perpignan,11-20,M,2022,69973.513769,1,547.0899
66136,France,Perpignan,0-10,F,2017,6838.576175,31,366.8939
66136,France,Perpignan,21-30,M,2022,41389.578915,2,118.3066
66136,France,Perpignan,21-30,F,2022,74175.254981,31,30.7808
66136,France,Perpignan,0-10,M,2022,1799.554193,2,298.8665
66136,France,Perpignan,21-30,F,2021,87245.860286,35,33.6228
66136,France,Perpignan,0-10,F,2022,77252.831666,31,585.8687
66136,France,Perpignan,0-10,F,2021,17399.711385,31,118.5651
66136,France,Perpignan,11-20,M,2021,60300.233475,2,816.6233
66136,France,Perpignan,41-50,M,2019,21469.741778,1,626.6651
66136,France,Perpignan,11-20,F,2018,83950.034965,2,222.535
66136,France,Perpignan,31-40,F,2017,57775.453272,1,143.7538
66136,France,Perpignan,11-20,F,2020,88339.490658,36,46.3975
66136,France,Perpignan,0-10,M,2022,93947.480119,35,879.1365
66136,France,Perpignan,41-50,F,2020,55285.258083,1,310.5347
66136,France,Perpignan,11-20,F,2019,76525.130819,2,216.5726
66136,France,Perpignan,21-30,M,2019,12458.155271,35,106.5363
66136,France,Perpignan,31-40,F,2019,16382.512878,33,506.8795
66136,France,Perpignan,31-40,M,2022,28831.386393,1,891.5995
66136,France,Perpignan,11-20,M,2021,30047.021616,31,831.4479
66136,France,Perpignan,21-30,F,2022,20065.641702,33,52.5979
66136,France,Perpignan,21-30,M,2019,74147.556038,31,210.071
66136,France,Perpignan,0-10,M,2020,6542.742987,1,118.5581
66136,France,Perpignan,11-20,F,2018,76159.55515,36,721.7018
66136,France,Perpignan,0-10,F,2021,91452.848636,33,181.2872
66136,France,Perpignan,11-20,F,2022,7461.972544,31,164.1386
66136,France,Perpignan,41-50,M,2018,49227.133895,1,772.6839
66136,France,Perpignan,21-30,F,2020,2996.439101,31,727.3417
66136,France,Perpignan,31-40,M,2022,97917.220426,1,745.3932
66136,France,Perpignan,41-50,M,2020,10247.511012,1,571.4985
66136,France,Perpignan,31-40,M,2019,40411.706137,31,266.8586
66136,France,Perpignan,11-20,M,2021,2936.01933,1,331.0754
66136,France,Perpignan,31-40,F,2022,72495.374362,33,726.3663
66136,France,Perpignan,0-10,M,2017,82625.656788,33,807.6949
66136,France,Perpignan,21-30,F,2022,97501.58952,36,797.7724
66136,France,Perpignan,21-30,F,2022,87806.843942,2,322.7678
66136,France,Perpignan,0-10,M,2021,6034.476558,31,775.2752
66136,France,Perpignan,41-50,F,2021,67745.817107,33,267.1262
66136,France,Perpignan,41-50,M,2017,90802.278712,31,442.851
66136,France,Perpignan,31-40,M,2018,7247.270522,36,827.4987
66136,France,Perpignan,41-50,F,2021,98776.909715,35,976.3033
66136,France,Perpignan,31-40,F,2020,74913.73159,1,543.3049
66136,France,Perpignan,21-30,M,2017,23590.87834,33,426.4807
66136,France,Perpignan,11-20,F,2021,25285.088147,2,960.9235
66136,France,Perpignan,41-50,F,2020,13923.671116,36,480.1565
66136,France,Perpignan,31-40,F,2020,38364.700376,31,88.4431
66136,France,Perpignan,0-10,M,2022,84631.947231,2,206.3467
66136,France,Perpignan,0-10,M,2020,1575.366716,36,961.8058
66136,France,Perpignan,31-40,F,2022,10620.658396,36,940.7477
66136,France,Perpignan,11-20,M,2019,30393.676927,2,674.304
66136,France,Perpignan,21-30,M,2022,2975.839132,31,849.6338
66136,France,Perpignan,41-50,M,2019,39658.289694,36,506.1064
66136,France,Perpignan,21-30,M,2017,10522.665071,33,937.2481
66136,France,Perpignan,11-20,M,2019,28255.271902,31,379.2043
66136,France,Perpignan,0-10,F,2022,12705.112717,36,678.3209
66136,France,Perpignan,0-10,F,2018,15468.271392,35,934.0957
66136,France,Perpignan,0-10,F,2017,31131.492999,33,679.4656
66136,France,Perpignan,0-10,F,2017,70252.485271,1,56.7922
66136,France,Perpignan,11-20,M,2019,46052.301365,1,970.1285
66136,France,Perpignan,0-10,F,2021,24425.258925,36,95.6257
66136,France,Perpignan,0-10,F,2022,57113.348331,31,920.5253
66136,France,Perpignan,11-20,M,2021,63995.649459,2,461.3964
66136,France,Perpignan,41-50,F,2021,62234.461764,36,381.7381
66136,France,Perpignan,11-20,F,2021,22368.923659,2,966.9197
66136,France,Perpignan,0-10,F,2019,82189.688687,31,271.4415
66136,France,Perpignan,21-30,F,2021,92808.470608,33,223.5772
66136,France,Perpignan,21-30,M,2020,80134.21094,33,730.5634
66136,France,Perpignan,0-10,F,2018,93639.287562,31,414.9165
66136,France,Perpignan,41-50,M,2021,88250.39358,35,84.5259
66136,France,Perpignan,21-30,F,2019,83012.75442,33,220.9301
66136,France,Perpignan,0-10,M,2022,36241.662606,35,868.7806
66136,France,Perpignan,0-10,M,2017,72626.214944,31,801.777
66136,France,Perpignan,31-40,M,2022,71567.202869,36,113.228
66136,France,Perpignan,11-20,M,2019,3892.16674,35,780.4141
66136,France,Perpignan,11-20,M,2022,44895.502166,1,464.2127
66136,France,Perpignan,0-10,M,2018,36053.800941,36,878.7078
66136,France,Perpignan,41-50,F,2020,72100.18501,33,614.8645
66136,France,Perpignan,31-40,M,2020,95361.066307,31,489.1006
66136,France,Perpignan,0-10,M,2019,60076.542409,1,533.2263
66136,France,Perpignan,21-30,M,2018,73835.087589,33,846.5817
66136,France,Perpignan,31-40,M,2018,49366.28517,35,129.6125
66136,France,Perpignan,11-20,F,2020,39558.1538,2,694.3095
66136,France,Perpignan,0-10,F,2019,89611.394092,33,800.077
66136,France,Perpignan,41-50,M,2018,2015.426348,33,893.9138
66136,France,Perpignan,41-50,M,2018,38413.207174,31,640.2764
66136,France,Perpignan,11-20,M,2018,38594.115653,2,595.0125
66136,France,Perpignan,0-10,M,2017,89856.990609,35,429.0992
66136,France,Perpignan,0-10,F,2017,67849.75164,2,498.3721
66136,France,Perpignan,11-20,M,2022,22088.327114,35,682.3699
66136,France,Perpignan,31-40,M,2021,18917.450875,1,812.1282
66136,France,Perpignan,11-20,F,2019,64841.7421,31,131.2887
66136,France,Perpignan,31-40,F,2022,9118.741278,31,407.7868
66136,France,Perpignan,41-50,F,2020,69421.561803,2,751.1323
66136,France,Perpignan,0-10,M,2021,20143.016733,36,128.6078
66136,France,Perpignan,41-50,M,2022,2577.658798,33,172.7393
66136,France,Perpignan,21-30,M,2017,21901.726294,33,153.6988
66136,France,Perpignan,31-40,M,2021,40896.322037,2,797.2121
66136,France,Perpignan,11-20,F,2022,49298.605685,1,478.0914
66136,France,Perpignan,21-30,M,2019,18033.323473,1,258.4442
66136,France,Perpignan,21-30,F,2020,73385.104463,1,175.257
66136,France,Perpignan,0-10,F,2018,42094.727125,2,998.0469
66136,France,Perpignan,0-10,M,2020,52438.064562,33,246.4714
66136,France,Perpignan,0-10,M,2018,80719.951102,35,351.9804
66136,France,Perpignan,41-50,F,2017,24575.434777,1,355.3429
66136,France,Perpignan,0-10,M,2020,96576.733109,2,190.9183
66136,France,Perpignan,0-10,M,2022,23676.126862,35,954.8829
66136,France,Perpignan,11-20,F,2019,20733.201861,35,447.4256
66136,France,Perpignan,41-50,M,2017,94843.170963,31,857.2118
66136,France,Perpignan,41-50,F,2021,54227.759315,2,99.9132
66136,France,Perpignan,21-30,F,2020,15439.574453,35,839.8896
66136,France,Perpignan,0-10,M,2018,58334.316122,36,23.3613
66136,France,Perpignan,11-20,F,2018,68524.839358,36,348.9017
66136,France,Perpignan,41-50,F,2020,62772.731372,1,367.9011
66136,France,Perpignan,11-20,F,2021,87072.124928,1,309.4696
66136,France,Perpignan,41-50,F,2020,57102.426621,36,370.819
66136,France,Perpignan,21-30,F,2018,38576.181809,36,291.7116
66136,France,Perpignan,11-20,M,2020,73421.726227,33,569.8059
66136,France,Perpignan,0-10,F,2020,54033.75242,33,808.0057
66136,France,Perpignan,41-50,M,2021,48620.013038,1,761.1022
66136,France,Perpignan,41-50,M,2019,60256.143031,36,878.619
66136,France,Perpignan,31-40,F,2019,28638.993262,1,916.1843
66136,France,Perpignan,41-50,M,2018,13886.920826,31,701.7771
66136,France,Perpignan,41-50,M,2019,18963.173394,35,767.7541
66136,France,Perpignan,31-40,F,2017,19418.516704,31,408.9864
66136,France,Perpignan,21-30,M,2022,2282.537086,1,261.0025
66136,France,Perpignan,11-20,M,2021,60332.795287,33,909.878
66136,France,Perpignan,41-50,F,2019,30724.009813,35,78.1961
66136,France,Perpignan,31-40,M,2021,42547.900613,35,279.0497
66136,France,Perpignan,31-40,M,2019,45869.229206,31,836.1217
66136,France,Perpignan,21-30,M,2022,9110.10123,2,711.5496
66136,France,Perpignan,31-40,M,2019,43278.965301,31,89.3225
66136,France,Perpignan,31-40,F,2017,76352.805766,1,978.5618
66136,France,Perpignan,41-50,F,2017,57597.980532,2,209.4679
66136,France,Perpignan,41-50,F,2021,78757.317301,36,398.6712
66136,France,Perpignan,21-30,M,2021,12876.459632,36,210.0766
66136,France,Perpignan,11-20,M,2017,32125.565551,1,942.7603
66136,France,Perpignan,31-40,M,2020,3797.801642,33,247.9628
66136,France,Perpignan,21-30,M,2019,65238.622027,31,423.08
66136,France,Perpignan,41-50,F,2020,62013.044073,36,641.2767
66136,France,Perpignan,0-10,F,2020,18790.215358,35,227.1383
66136,France,Perpignan,31-40,M,2017,35876.403806,33,609.2218
66136,France,Perpignan,11-20,F,2019,15349.543948,36,90.8457
66136,France,Perpignan,0-10,M,2017,24731.156099,2,796.9598
66136,France,Perpignan,11-20,F,2021,22128.389256,35,33.5309
66136,France,Perpignan,31-40,F,2018,30646.466266,1,394.3615
66136,France,Perpignan,0-10,F,2018,11552.481513,35,114.5308
66136,France,Perpignan,21-30,M,2022,78340.032455,33,791.1288
66136,France,Perpignan,31-40,M,2017,95358.589507,1,954.5454
66136,France,Perpignan,31-40,M,2022,94267.018638,31,367.2038
66136,France,Perpignan,0-10,M,2018,45823.533318,1,472.1027
66136,France,Perpignan,0-10,F,2017,48034.631869,36,293.5411
66136,France,Perpignan,11-20,M,2020,87675.938197,2,103.1619
66136,France,Perpignan,0-10,M,2017,33113.83765,1,13.8311
66136,France,Perpignan,21-30,F,2019,86551.039016,36,672.3951
66136,France,Perpignan,21-30,M,2017,30641.966812,31,397.7215
66136,France,Perpignan,11-20,M,2021,53530.921186,31,385.4543
66136,France,Perpignan,41-50,F,2021,43960.96855,31,343.9171
66136,France,Perpignan,0-10,M,2019,28023.135218,1,172.6277
66136,France,Perpignan,21-30,M,2019,36524.735955,35,838.04
66136,France,Perpignan,0-10,M,2017,8130.976232,1,338.636
66136,France,Perpignan,21-30,F,2019,46696.086114,36,35.5658
66136,France,Perpignan,0-10,F,2017,22934.85984,1,580.1441
66136,France,Perpignan,31-40,M,2020,45505.925964,35,402.6208
66136,France,Perpignan,41-50,F,2020,90777.606381,2,326.8594
66136,France,Perpignan,21-30,F,2021,64373.985735,1,77.2923
66136,France,Perpignan,11-20,F,2020,15663.295856,2,442.5594
66136,France,Perpignan,41-50,F,2017,74743.53826,1,332.9006
66136,France,Perpignan,31-40,M,2019,43849.07559,31,537.3531
66136,France,Perpignan,0-10,M,2022,15868.147018,33,953.6347
66136,France,Perpignan,31-40,M,2017,49016.317248,1,789.5952
66136,France,Perpignan,11-20,F,2017,50672.605171,35,696.6721
66136,France,Perpignan,11-20,M,2018,62957.275956,1,529.2921
66136,France,Perpignan,11-20,F,2022,69789.254984,35,895.9299
66136,France,Perpignan,11-20,M,2022,56077.711508,1,78.9864
66136,France,Perpignan,31-40,F,2018,43478.566722,36,512.213
66136,France,Perpignan,31-40,M,2017,27914.57586,35,755.2912
66136,France,Perpignan,0-10,F,2019,5587.058588,35,882.6392
66136,France,Perpignan,21-30,F,2017,58476.595145,31,124.3171
66136,France,Perpignan,31-40,M,2018,57434.06084,35,268.7816
66136,France,Perpignan,21-30,F,2017,45216.227902,1,876.1528
66136,France,Perpignan,41-50,M,2020,70592.282033,33,423.2246
66136,France,Perpignan,31-40,F,2021,70849.747952,31,294.1404
66136,France,Perpignan,21-30,M,2021,13768.124834,1,629.3636
66136,France,Perpignan,11-20,M,2019,88440.687723,36,442.1458
66136,France,Perpignan,21-30,F,2018,23908.854845,35,894.5509
66136,France,Perpignan,41-50,F,2018,65159.901609,35,249.5658
66136,France,Perpignan,21-30,M,2021,8581.60833,33,517.3256
66136,France,Perpignan,11-20,F,2017,35616.239926,35,720.9481
66136,France,Perpignan,21-30,M,2018,91636.057951,35,126.709
66136,France,Perpignan,41-50,M,2022,48465.088734,35,928.5459
66136,France,Perpignan,41-50,F,2018,18310.707082,36,313.3184
66136,France,Perpignan,11-20,F,2018,28238.641461,2,412.5526
66136,France,Perpignan,11-20,F,2022,47684.353802,35,470.8226
66136,France,Perpignan,41-50,F,2022,86941.438963,31,609.4684
66136,France,Perpignan,0-10,M,2019,40733.751758,31,524.3065
66136,France,Perpignan,11-20,M,2019,70784.840035,33,825.1572
66136,France,Perpignan,21-30,F,2020,36909.824643,33,58.8648
66136,France,Perpignan,0-10,F,2022,18417.109908,36,132.7211
66136,France,Perpignan,31-40,M,2018,49221.59416,35,326.7754
66136,France,Perpignan,11-20,M,2022,24731.360562,1,514.7402
66136,France,Perpignan,31-40,M,2019,44328.929711,33,905.4355
66136,France,Perpignan,21-30,M,2017,31967.069984,36,480.0319
66136,France,Perpignan,0-10,M,2018,61594.497205,1,418.7654
66136,France,Perpignan,41-50,M,2020,29245.316159,31,611.3785
66136,France,Perpignan,21-30,M,2019,61873.744184,36,474.0958
66136,France,Perpignan,31-40,F,2021,69634.931807,35,956.151
66136,France,Perpignan,41-50,F,2017,15284.910862,36,251.4841
66136,France,Perpignan,11-20,M,2019,86444.259306,35,421.815
66136,France,Perpignan,11-20,M,2020,62133.215247,31,401.7797
66136,France,Perpignan,41-50,F,2021,53894.319604,33,353.3759
66136,France,Perpignan,21-30,F,2019,74984.765411,2,552.9682
66136,France,Perpignan,21-30,M,2021,36912.74216,2,769.2489
66136,France,Perpignan,0-10,M,2017,79620.232323,2,155.8269
66136,France,Perpignan,21-30,M,2021,54531.658578,31,131.4398
66136,France,Perpignan,31-40,F,2018,27291.098006,35,828.4588
66136,France,Perpignan,41-50,M,2018,69624.795747,36,641.3102
66136,France,Perpignan,21-30,M,2020,1004.380083,2,739.6008
66136,France,Perpignan,11-20,F,2022,31338.614578,33,250.1647
66136,France,Perpignan,0-10,M,2018,93960.491667,1,185.5094
66136,France,Perpignan,0-10,F,2018,48007.3679,35,461.3002
66136,France,Perpignan,0-10,M,2019,84538.744469,33,429.7815
66136,France,Perpignan,11-20,M,2019,3626.361104,35,121.942
66136,France,Perpignan,11-20,M,2017,35210.427586,36,156.3049
66136,France,Perpignan,41-50,M,2018,34125.776353,36,207.5033
66136,France,Perpignan,41-50,F,2019,28143.003754,31,865.7244
66136,France,Perpignan,21-30,M,2018,7994.739416,35,950.4568
66136,France,Perpignan,21-30,M,2018,12358.986789,31,52.6721
66136,France,Perpignan,31-40,F,2018,66835.572282,33,254.4671
66136,France,Perpignan,31-40,F,2020,26138.172553,36,753.7947
66136,France,Perpignan,31-40,M,2021,26842.429304,1,393.5926
66136,France,Perpignan,21-30,F,2022,41207.52657,31,237.1171
66136,France,Perpignan,31-40,F,2020,60395.816854,33,436.4092
66136,France,Perpignan,21-30,F,2017,78110.038674,31,373.0822
66136,France,Perpignan,21-30,M,2020,22971.611458,2,530.0636
66136,France,Perpignan,0-10,M,2021,77625.396436,35,907.8886
66136,France,Perpignan,31-40,F,2020,16852.239319,33,53.4201
66136,France,Perpignan,31-40,M,2019,89248.269418,1,81.1071
66136,France,Perpignan,0-10,F,2018,6598.227867,33,825.4903
66136,France,Perpignan,0-10,M,2018,46971.224657,36,122.7756
66136,France,Perpignan,0-10,M,2017,60904.449662,36,649.9279
66136,France,Perpignan,41-50,M,2018,45058.951709,2,777.4409
66136,France,Perpignan,31-40,F,2021,81106.92269,1,241.474
66136,France,Perpignan,41-50,F,2019,4380.310521,35,924.9299
66136,France,Perpignan,21-30,F,2022,11836.148321,35,301.6516
66136,France,Perpignan,0-10,M,2021,64650.709329,2,957.805
66136,France,Perpignan,0-10,M,2018,24185.440222,35,653.2234
66136,France,Perpignan,41-50,F,2019,68496.011693,35,866.606
66136,France,Perpignan,41-50,M,2022,47332.307693,31,750.953
66136,France,Perpignan,11-20,M,2020,57981.51988,31,931.3121
66136,France,Perpignan,11-20,M,2021,32299.151851,31,793.4842
66136,France,Perpignan,11-20,F,2019,12789.882055,1,408.5982
66136,France,Perpignan,11-20,M,2018,79313.227128,36,762.6642
66136,France,Perpignan,0-10,M,2018,36852.735752,2,549.8148
66136,France,Perpignan,31-40,M,2018,87988.029825,35,267.489
66136,France,Perpignan,21-30,M,2020,35808.832233,31,138.4878
66136,France,Perpignan,0-10,F,2020,29284.783032,36,779.3655
66136,France,Perpignan,41-50,F,2017,60615.68343,35,744.6997
66136,France,Perpignan,21-30,M,2020,16858.808802,36,272.7305
66136,France,Perpignan,11-20,F,2018,36880.030743,2,123.8642
66136,France,Perpignan,41-50,M,2019,80272.180523,1,607.9535
66136,France,Perpignan,11-20,M,2021,75608.275024,1,39.6873
66136,France,Perpignan,41-50,M,2020,25721.099834,35,76.6739
66136,France,Perpignan,11-20,F,2019,77456.837807,1,516.6001
66136,France,Perpignan,11-20,M,2021,45937.296844,33,520.3149
66136,France,Perpignan,41-50,F,2019,9430.998347,33,122.6947
66136,France,Perpignan,11-20,M,2018,28751.216605,36,830.8136
66136,France,Perpignan,41-50,F,2022,22372.990841,2,193.6826
66136,France,Perpignan,31-40,F,2019,9150.738009,2,242.6734
66136,France,Perpignan,31-40,M,2020,51044.886674,35,586.3607
66136,France,Perpignan,31-40,M,2021,4675.118589,35,697.5459
66136,France,Perpignan,11-20,M,2021,13141.517444,31,908.9554
66136,France,Perpignan,41-50,F,2022,28528.517921,1,11.4371
66136,France,Perpignan,11-20,F,2019,68569.790941,35,315.8148
66136,France,Perpignan,0-10,M,2022,98253.090174,1,180.2259
66136,France,Perpignan,21-30,F,2021,70246.934657,1,474.2634
66136,France,Perpignan,41-50,M,2022,74893.483428,31,373.7246
66136,France,Perpignan,0-10,F,2020,97788.267121,2,64.5823
66136,France,Perpignan,11-20,F,2021,20661.952843,1,861.257
66136,France,Perpignan,0-10,M,2018,2337.696425,36,792.8092
66136,France,Perpignan,21-30,F,2018,10476.775726,1,297.0893
66136,France,Perpignan,21-30,M,2020,71466.503375,35,602.2629
66136,France,Perpignan,31-40,M,2019,34630.908871,2,684.6237
66136,France,Perpignan,0-10,F,2020,74318.588526,33,317.6679
66136,France,Perpignan,21-30,M,2019,89539.454419,2,594.9205
66136,France,Perpignan,0-10,F,2021,20789.117155,36,258.8483
66136,France,Perpignan,41-50,M,2017,5022.51518,36,55.6401
66136,France,Perpignan,11-20,F,2017,8583.253922,1,961.9229
66136,France,Perpignan,31-40,F,2022,45358.167191,1,788.978
66136,France,Perpignan,31-40,F,2022,47186.190765,33,74.7588
66136,France,Perpignan,31-40,M,2018,8275.567774,31,186.7203
66136,France,Perpignan,41-50,M,2017,43308.211196,31,944.229
66136,France,Perpignan,41-50,M,2018,48258.873305,33,175.4004
66136,France,Perpignan,31-40,M,2018,27562.867186,36,582.3215
66136,France,Perpignan,41-50,F,2018,82579.918678,31,245.0538
66136,France,Perpignan,11-20,M,2020,75173.14528,35,690.8233
66136,France,Perpignan,21-30,M,2019,77039.767586,31,979.0111
66136,France,Perpignan,21-30,M,2021,39769.522183,1,486.4931
66136,France,Perpignan,21-30,F,2018,41754.040931,36,868.2865
66136,France,Perpignan,0-10,M,2018,81053.93737,2,562.2836
66136,France,Perpignan,31-40,M,2017,30930.272392,35,281.925
66136,France,Perpignan,11-20,M,2018,11426.880507,1,523.1171
66136,France,Perpignan,21-30,M,2022,32947.387065,33,70.8251
66136,France,Perpignan,31-40,F,2018,21557.367848,1,988.7765
66136,France,Perpignan,0-10,F,2021,32309.567856,1,806.0541
66136,France,Perpignan,41-50,M,2021,59816.021779,36,44.0902
66136,France,Perpignan,41-50,M,2018,41828.860026,36,926.5575
66136,France,Perpignan,41-50,M,2017,66772.392444,31,962.9348
66136,France,Perpignan,31-40,M,2020,68515.360785,1,747.9972
66136,France,Perpignan,21-30,M,2022,93910.456294,36,244.9275
66136,France,Perpignan,41-50,M,2022,97606.841304,2,914.0154
66136,France,Perpignan,41-50,M,2017,38251.43539,31,768.6249
66136,France,Perpignan,21-30,M,2022,32142.253201,36,800.1189
66136,France,Perpignan,0-10,M,2020,21406.887207,2,414.0748
66136,France,Perpignan,21-30,F,2021,60947.16978,2,243.2658
66136,France,Perpignan,31-40,F,2020,62343.770266,33,218.9118
66136,France,Perpignan,41-50,F,2017,19302.059915,35,884.0522
66136,France,Perpignan,0-10,F,2022,12833.418428,36,396.804
66136,France,Perpignan,31-40,M,2017,37937.087535,35,277.4306
66136,France,Perpignan,41-50,M,2022,5545.591359,33,148.377
66136,France,Perpignan,0-10,M,2022,20976.960233,1,367.8489
66136,France,Perpignan,11-20,M,2017,76820.171312,35,679.0487
66136,France,Perpignan,0-10,M,2018,84437.970766,1,898.7029
66136,France,Perpignan,21-30,M,2022,17287.627929,31,900.5324
66136,France,Perpignan,0-10,M,2017,92007.48921,33,490.199
66136,France,Perpignan,21-30,M,2019,51102.900281,1,841.9661
66136,France,Perpignan,0-10,M,2019,50254.130931,2,187.9913
66136,France,Perpignan,41-50,F,2020,52951.188174,2,165.0304
66136,France,Perpignan,11-20,M,2017,43454.062912,31,968.9665
66136,France,Perpignan,0-10,F,2017,49374.498105,33,134.2175
66136,France,Perpignan,0-10,F,2017,25815.991168,33,354.2729
66136,France,Perpignan,21-30,F,2020,8011.167974,36,118.4546
66136,France,Perpignan,21-30,F,2019,18803.795929,2,684.1764
66136,France,Perpignan,41-50,F,2022,56682.751794,1,519.7736
66136,France,Perpignan,0-10,M,2021,29595.049551,31,786.8201
66136,France,Perpignan,41-50,M,2021,75074.188939,33,274.2209
66136,France,Perpignan,21-30,F,2019,55787.656625,1,947.3769
66136,France,Perpignan,31-40,F,2022,19391.22614,36,260.4349
66136,France,Perpignan,41-50,M,2019,53354.39323,33,847.9154
66136,France,Perpignan,11-20,M,2020,72360.256012,33,895.6487
66136,France,Perpignan,11-20,M,2022,86008.219748,2,717.3988
66136,France,Perpignan,31-40,M,2017,31153.908606,33,677.7484
66136,France,Perpignan,31-40,M,2017,36043.849522,35,937.6252
66136,France,Perpignan,41-50,F,2018,27029.950478,33,962.5275
66136,France,Perpignan,31-40,F,2021,42337.670435,33,452.3884
66136,France,Perpignan,21-30,M,2022,82441.034528,35,478.5614
66136,France,Perpignan,41-50,M,2019,34114.704078,36,599.5405
66136,France,Perpignan,31-40,F,2020,34453.535308,36,352.8816
66136,France,Perpignan,41-50,M,2020,44243.262326,2,836.4209
66136,France,Perpignan,41-50,M,2022,77550.933588,2,437.1452
66136,France,Perpignan,31-40,F,2021,65506.740531,2,288.4645
66136,France,Perpignan,0-10,F,2017,51260.363496,1,206.5293
66136,France,Perpignan,31-40,M,2021,34512.671658,31,903.7611
66136,France,Perpignan,0-10,F,2019,62515.269576,1,722.5269
66136,France,Perpignan,41-50,M,2019,92619.900127,31,567.7109
66136,France,Perpignan,41-50,F,2019,40392.287885,31,123.4435
66136,France,Perpignan,41-50,F,2019,87675.959705,35,536.1214
66136,France,Perpignan,11-20,F,2018,42486.970003,33,356.7423
66136,France,Perpignan,41-50,M,2019,38175.159606,31,755.2996
66136,France,Perpignan,11-20,F,2020,40547.49717,1,851.3186
66136,France,Perpignan,31-40,F,2017,61310.107346,36,46.6112
66136,France,Perpignan,0-10,M,2019,10522.012049,33,680.0487
66136,France,Perpignan,11-20,F,2022,43302.17485,2,396.7786
66136,France,Perpignan,41-50,M,2019,43158.610419,36,908.811
66136,France,Perpignan,41-50,F,2022,98395.97726,33,646.7697
66136,France,Perpignan,21-30,F,2017,76524.090007,1,203.8778
66136,France,Perpignan,0-10,M,2020,30286.794733,36,225.5286
66136,France,Perpignan,21-30,M,2017,70307.184934,2,520.6361
66136,France,Perpignan,41-50,F,2021,9872.200675,31,773.2132
66136,France,Perpignan,11-20,F,2017,21416.029385,2,959.6228
66136,France,Perpignan,21-30,M,2020,95429.079144,36,132.2099
66136,France,Perpignan,21-30,M,2019,65862.192903,1,502.0555
66136,France,Perpignan,41-50,M,2018,73050.380512,33,630.2891
66136,France,Perpignan,0-10,M,2019,1129.791087,31,817.9614
66136,France,Perpignan,21-30,M,2021,63292.429747,31,705.219
66136,France,Perpignan,21-30,F,2020,1256.586749,1,317.8585
66136,France,Perpignan,11-20,M,2021,25490.97003,33,189.0787
66136,France,Perpignan,0-10,F,2018,55742.9239,2,616.3629
66136,France,Perpignan,21-30,F,2020,5891.16282,36,564.9323
66136,France,Perpignan,31-40,M,2018,63101.630939,33,228.1381
66136,France,Perpignan,11-20,M,2022,85252.063389,33,711.2894
66136,France,Perpignan,21-30,F,2022,19498.822439,31,33.5195
66136,France,Perpignan,41-50,M,2017,1129.003781,31,195.0263
66136,France,Perpignan,31-40,M,2017,53225.602324,31,18.5089
66136,France,Perpignan,21-30,F,2018,32239.9612,35,156.4544
66136,France,Perpignan,0-10,M,2018,82143.587906,31,327.7875
66136,France,Perpignan,0-10,F,2021,41191.825253,33,848.3071
66136,France,Perpignan,21-30,F,2018,66119.025119,36,200.0788
66136,France,Perpignan,41-50,F,2018,71707.169055,35,599.4488
66136,France,Perpignan,41-50,M,2017,94720.850306,35,961.8693
66136,France,Perpignan,11-20,F,2017,57969.52108,31,737.5829
66136,France,Perpignan,21-30,F,2018,59751.007211,36,453.9055
66136,France,Perpignan,21-30,F,2017,56497.287715,31,782.1183
66136,France,Perpignan,41-50,F,2020,91973.298761,1,301.5174
66136,France,Perpignan,41-50,F,2021,34736.778776,2,334.5083
66136,France,Perpignan,21-30,F,2017,73108.816348,33,987.6147
66136,France,Perpignan,0-10,F,2021,12392.855774,2,416.2105
66136,France,Perpignan,11-20,F,2018,6948.263156,1,468.1212
66136,France,Perpignan,11-20,M,2021,71654.89046,36,178.7276
66136,France,Perpignan,0-10,M,2019,33671.59302,33,793.8598
66136,France,Perpignan,21-30,M,2019,59087.909684,35,961.9423
66136,France,Perpignan,21-30,F,2022,35613.881661,36,75.4753
66136,France,Perpignan,41-50,M,2020,19632.033365,1,223.4298
